{"stats":{"minecraft:crafted":{"minecraft:oak_door":3,"minecraft:oak_planks":8,"minecraft:stone_shovel":2,"minecraft:fishing_rod":1,"minecraft:iron_nugget":9,"minecraft:furnace":3,"regions_unexplored:larch_planks":64,"supplementaries:bamboo_spikes":64,"minecraft:bone_meal":12,"butchersdelightfoods:cookedsheepshank":1,"minecraft:stone_pickaxe":2,"minecraft:stone_hoe":1,"supplementaries:flute":1,"minecraft:smoker":1,"supplementaries:item_shelf":2,"born_in_chaos_v1:smoked_fish":4,"minecraft:crafting_table":1,"minecraft:wooden_pickaxe":1,"minecraft:baked_potato":49,"minecraft:cooked_salmon":10,"hexerei:herb_drying_rack":1,"butchersdelight:cleaver":1,"minecraft:campfire":2,"minecraft:stone_axe":3,"minecraft:bread":6,"minecraft:air":0,"minecraft:white_wool":1,"minecraft:charcoal":12,"minecraft:stick":12,"minecraft:iron_ingot":2,"minecraft:stone_sword":4,"regions_unexplored:larch_slab":156},"minecraft:killed_by":{"minecraft:player":1,"minecraft:skeleton":1},"minecraft:used":{"minecraft:stone_sword":209,"minecraft:stone_shovel":356,"butchersdelight:hook":1,"minecraft:cooked_salmon":4,"minecraft:stone_hoe":107,"minecraft:oak_door":1,"minecraft:torch":2,"minecraft:dirt":172,"minecraft:carrot":12,"supplementaries:item_shelf":3,"regions_unexplored:purple_coneflower":4,"regions_unexplored:maple_sapling":3,"minecraft:stone_bricks":1,"minecraft:bamboo":76,"regions_unexplored:larch_planks":8,"minecraft:oak_sapling":3,"minecraft:furnace":2,"hexerei:herb_drying_rack":1,"minecraft:potato":55,"minecraft:wheat_seeds":41,"minecraft:stone_pickaxe":71,"minecraft:baked_potato":7,"minecraft:oak_planks":4,"minecraft:wooden_pickaxe":7,"butchersdelightfoods:cookedsheepshank":1,"minecraft:sugar_cane":1,"minecraft:cracked_stone_bricks":1,"minecraft:crafting_table":5,"minecraft:campfire":2,"minecraft:black_bed":1,"regions_unexplored:larch_slab":4,"minecraft:smoker":1,"minecraft:apple":1,"minecraft:spruce_sapling":12,"minecraft:stone_axe":105,"minecraft:fishing_rod":5,"born_in_chaos_v1:rotten_fish":1,"supplementaries:bamboo_spikes":49,"minecraft:bone_meal":13,"minecraft:cobweb":6},"minecraft:picked_up":{"minecraft:crafting_table":5,"minecraft:wheat":24,"regions_unexplored:larch_planks":1,"minecraft:stone_brick_stairs":1,"minecraft:string":13,"minecraft:moss_carpet":5,"minecraft:raw_copper":2,"minecraft:cracked_stone_bricks":1,"regions_unexplored:larch_log":135,"minecraft:sugar_cane":1,"minecraft:stick":59,"minecraft:torch":2,"minecraft:carrot":40,"regions_unexplored:purple_coneflower":116,"hexerei:sage_seed":16,"minecraft:rotten_flesh":9,"minecraft:stone_sword":1,"minecraft:arrow":6,"butchersdelight:deadsheep":1,"minecraft:tropical_fish":1,"regions_unexplored:maple_sapling":7,"minecraft:peony":14,"regions_unexplored:golden_larch_sapling":36,"minecraft:cobblestone":60,"regions_unexplored:peat_dirt":11,"minecraft:salmon":13,"minecraft:black_bed":1,"minecraft:potato":121,"supplementaries:item_shelf":1,"minecraft:oak_log":29,"minecraft:gunpowder":2,"minecraft:dirt":418,"minecraft:bone":5,"minecraft:apple":1,"minecraft:stone_bricks":1,"minecraft:wheat_seeds":118,"minecraft:iron_ingot":1,"regions_unexplored:larch_sapling":6,"minecraft:bamboo":401,"minecraft:mossy_stone_bricks":1,"minecraft:oak_planks":2,"minecraft:stone_brick_slab":1,"minecraft:poisonous_potato":1,"regions_unexplored:oak_shrub":1,"regions_unexplored:larch_slab":5,"undead_unleashed:grave_metal_scrap":12,"minecraft:spruce_sapling":12,"minecraft:ink_sac":2,"minecraft:spruce_log":17,"minecraft:spider_eye":1,"minecraft:mossy_cobblestone":10,"butchersdelight:sheephide":1,"minecraft:pumpkin_seeds":32,"supplementaries:bamboo_spikes":5,"immersiveengineering:seed":21,"minecraft:stone_axe":1,"minecraft:bone_meal":1,"regions_unexplored:maple_log":13,"butchersdelight:hook":1,"born_in_chaos_v1:rotten_fish":5,"minecraft:oak_sapling":11,"butchersdelightfoods:sheepshank":1},"minecraft:killed":{"minecraft:spider":2,"minecraft:skeleton":3,"born_in_chaos_v1:corpse_fish":3,"born_in_chaos_v1:baby_skeleton":1,"minecraft:salmon":11,"minecraft:creeper":1,"minecraft:squid":1,"minecraft:zombie":3},"minecraft:broken":{"minecraft:stone_sword":1,"minecraft:stone_shovel":3},"minecraft:mined":{"minecraft:grass_block":356,"regions_unexplored:maple_leaves":1,"regions_unexplored:purple_coneflower":37,"regions_unexplored:stone_bud":3,"supplementaries:bamboo_spikes":5,"regions_unexplored:larch_slab":3,"regions_unexplored:mossy_stone":10,"treechop:chopped_log":11,"minecraft:peony":14,"regions_unexplored:medium_grass":174,"minecraft:bamboo":53,"regions_unexplored:larch_log":4,"minecraft:stone":60,"minecraft:stone_brick_slab":1,"minecraft:crafting_table":5,"minecraft:torch":1,"regions_unexplored:peat_grass_block":2,"supplementaries:item_shelf":1,"minecraft:copper_ore":1,"minecraft:oak_planks":2,"minecraft:sugar_cane":1,"minecraft:wall_torch":1,"minecraft:seagrass":2,"minecraft:wheat":2,"minecraft:stone_brick_stairs":1,"minecraft:grass":120,"regions_unexplored:oak_shrub":1,"regions_unexplored:peat_dirt":9,"minecraft:dirt":43,"minecraft:cobweb":7,"minecraft:cracked_stone_bricks":1,"minecraft:stone_bricks":1,"minecraft:oak_leaves":4},"minecraft:dropped":{"minecraft:baked_potato":20,"minecraft:poisonous_potato":1,"regions_unexplored:purple_coneflower":25,"minecraft:cooked_salmon":4,"minecraft:stone_axe":2,"minecraft:wheat":1,"regions_unexplored:oak_shrub":1,"minecraft:salmon":1,"minecraft:pumpkin_seeds":64,"minecraft:mossy_stone_bricks":2,"minecraft:bamboo":3},"minecraft:custom":{"minecraft:mob_kills":28,"minecraft:interact_with_crafting_table":45,"minecraft:leave_game":5,"minecraft:time_since_death":46737,"minecraft:climb_one_cm":3238,"minecraft:sprint_one_cm":180166,"minecraft:walk_one_cm":533600,"minecraft:drop":19,"minecraft:play_time":153927,"minecraft:deaths":2,"minecraft:sneak_time":10847,"minecraft:walk_under_water_one_cm":7817,"minecraft:jump":782,"minecraft:walk_on_water_one_cm":11039,"minecraft:total_world_time":153927,"minecraft:interact_with_furnace":77,"minecraft:time_since_rest":47056,"minecraft:damage_taken":1193,"minecraft:damage_dealt":2444,"minecraft:swim_one_cm":5065,"minecraft:fly_one_cm":150863,"minecraft:open_chest":161,"minecraft:crouch_one_cm":55883,"minecraft:interact_with_smoker":9,"minecraft:fish_caught":2,"minecraft:fall_one_cm":12437}},"DataVersion":3120}