{"stats":{"minecraft:crafted":{"minecraft:oak_planks":40,"regions_unexplored:maple_planks":276,"butchersdelightfoods:cooked_ham":1,"regions_unexplored:larch_planks":436,"supplementaries:bamboo_spikes":80,"minecraft:diamond_shovel":1,"minecraft:cooked_mutton":1,"minecraft:glass":297,"minecraft:stone_brick_slab":6,"minecraft:iron_boots":1,"butchersdelightfoods:cookedporkribs":1,"minecraft:chest":3,"minecraft:stone_hoe":1,"supplementaries:flute":1,"quark:paper_wall":30,"minecraft:smoker":1,"minecraft:oak_slab":12,"born_in_chaos_v1:smoked_fish":7,"minecraft:cooked_porkchop":1,"minecraft:crafting_table":6,"minecraft:spruce_planks":4,"minecraft:iron_helmet":1,"minecraft:wooden_pickaxe":1,"minecraft:baked_potato":263,"minecraft:clock":1,"minecraft:gold_block":2,"butchersdelight:cleaver":1,"minecraft:campfire":3,"butchersdelightfoods:cookedsheeprack":1,"minecraft:iron_chestplate":1,"minecraft:charcoal":61,"minecraft:paper":15,"minecraft:shield":1,"minecraft:stick":88,"minecraft:iron_ingot":92,"minecraft:iron_pickaxe":2,"minecraft:stone_sword":6,"minecraft:gold_ingot":27,"minecraft:composter":7,"regions_unexplored:maple_slab":12,"minecraft:oak_door":3,"minecraft:redstone":2,"minecraft:stone_shovel":5,"minecraft:fishing_rod":1,"minecraft:iron_nugget":27,"minecraft:furnace":4,"minecraft:bone_meal":12,"butchersdelightfoods:cookedsheepshank":2,"minecraft:polished_deepslate":60,"minecraft:iron_axe":2,"minecraft:iron_hoe":1,"butchersdelight:roaster":1,"born_in_chaos_v1:fried_maggot":1,"minecraft:spruce_slab":6,"quark:cobblestone_bricks":8,"minecraft:stone_pickaxe":6,"supplementaries:item_shelf":2,"minecraft:iron_sword":2,"quark:cobblestone_bricks_wall":6,"minecraft:cooked_salmon":12,"hexerei:herb_drying_rack":1,"regions_unexplored:maple_boat":2,"minecraft:stone_axe":4,"minecraft:bread":8,"minecraft:air":0,"minecraft:white_wool":14,"butchersdelightfoods:cooked_sheeploin":1,"minecraft:iron_shovel":1,"minecraft:iron_leggings":1,"minecraft:white_bed":17,"regions_unexplored:larch_slab":198,"supplementaries:clock_block":1,"minecraft:torch":256,"butchersdelightfoods:cookedporkloin":1},"minecraft:killed_by":{"minecraft:creeper":2,"fear_the_dark:fever_dream":14,"minecraft:cave_spider":1,"minecraft:illusioner":1,"minecraft:player":1,"spore:inf_vindicator":7,"minecraft:skeleton":3,"born_in_chaos_v1:corpse_fish":1,"cave_dweller:cave_dweller":3},"minecraft:used":{"minecraft:iron_shovel":250,"minecraft:polished_deepslate":54,"minecraft:spruce_slab":3,"minecraft:dispenser":1,"minecraft:chest":3,"minecraft:shield":33,"hexerei:candelabra":1,"butchersdelight:hook":1,"minecraft:iron_sword":232,"supplementaries:globe":1,"minecraft:carrot":31,"minecraft:glass":319,"regions_unexplored:maple_sapling":3,"minecraft:dark_oak_slab":1,"minecraft:stone_brick_stairs":2,"minecraft:stone_bricks":1,"minecraft:golden_sword":8,"minecraft:sweet_berries":2,"minecraft:oak_sapling":9,"minecraft:furnace":3,"minecraft:potato":270,"hexerei:pestle_and_mortar":1,"minecraft:oak_planks":14,"minecraft:stone_pickaxe":731,"minecraft:wooden_pickaxe":7,"minecraft:composter":7,"butchersdelightfoods:cookedsheepshank":2,"minecraft:sugar_cane":21,"minecraft:golden_apple":1,"minecraft:black_bed":1,"regions_unexplored:larch_slab":5,"quark:cobblestone_bricks_wall":6,"supplementaries:clock_block":2,"minecraft:bread":8,"butchersdelight:roaster":2,"minecraft:iron_door":1,"butchersdelightfoods:cooked_ham":2,"quark:black_corundum_cluster":1,"born_in_chaos_v1:rotten_fish":1,"supplementaries:timber_cross_brace":4,"minecraft:andesite":3,"supplementaries:bamboo_spikes":91,"regions_unexplored:maple_boat":3,"butchersdelightfoods:cooked_sheeploin":1,"minecraft:bone_meal":17,"minecraft:cobweb":6,"minecraft:stone_sword":495,"butchersdelightfoods:cookedporkloin":1,"minecraft:stone_shovel":642,"minecraft:spruce_planks":1,"born_in_chaos_v1:smoked_fish":4,"minecraft:cooked_salmon":8,"born_in_chaos_v1:fried_maggot":1,"minecraft:stone_hoe":110,"minecraft:oak_door":1,"regions_unexplored:maple_planks":95,"minecraft:stick":12,"minecraft:torch":260,"minecraft:dirt":1062,"minecraft:granite":12,"supplementaries:item_shelf":3,"minecraft:iron_hoe":122,"minecraft:stone_brick_slab":2,"butchersdelight:cleaver":1,"minecraft:iron_axe":150,"regions_unexplored:purple_coneflower":4,"quark:violet_corundum_cluster":1,"minecraft:bamboo":76,"regions_unexplored:larch_planks":48,"immersiveengineering:crate":1,"hexerei:herb_drying_rack":1,"minecraft:cobbled_deepslate":83,"hexerei:witch_hazel_drying_rack":2,"minecraft:wheat_seeds":143,"minecraft:cooked_mutton":1,"minecraft:water_bucket":30,"minecraft:baked_potato":89,"regions_unexplored:peat_dirt":25,"regions_unexplored:larch_boat":2,"minecraft:cobblestone_slab":2,"minecraft:cracked_stone_bricks":1,"minecraft:mossy_cobblestone":11,"minecraft:crafting_table":14,"minecraft:white_bed":15,"minecraft:campfire":3,"quark:violet_corundum":1,"minecraft:smoker":1,"regions_unexplored:larch_trapdoor":28,"minecraft:diamond_pickaxe":298,"minecraft:apple":1,"minecraft:diamond_shovel":118,"minecraft:iron_pickaxe":199,"minecraft:spruce_sapling":14,"minecraft:stone_axe":180,"minecraft:fishing_rod":5,"minecraft:cobblestone":98,"minecraft:bucket":29},"minecraft:picked_up":{"regions_unexplored:pointed_redstone":1,"minecraft:iron_chestplate":1,"minecraft:wheat":84,"regions_unexplored:larch_planks":5,"butchersdelightfoods:cooked_ham":64,"undead_unleashed:grave_metal_chestplate":1,"regions_unexplored:maple_planks":2,"minecraft:stone_brick_stairs":1,"minecraft:polished_deepslate":9,"minecraft:string":48,"minecraft:raw_copper":23,"minecraft:iron_leggings":1,"minecraft:tnt_minecart":1,"minecraft:cobbled_deepslate":295,"minecraft:spruce_planks":2,"regions_unexplored:larch_log":327,"minecraft:cobblestone_slab":2,"minecraft:furnace":1,"minecraft:iron_boots":3,"minecraft:tipped_arrow":30,"minecraft:stick":134,"minecraft:torch":69,"hexerei:cloth":1,"minecraft:porkchop":2,"regions_unexplored:raw_redstone_block":1,"minecraft:diorite":25,"regions_unexplored:peat_mud":7,"minecraft:cauldron":1,"minecraft:stone_sword":6,"quark:clear_shard":25,"minecraft:rotten_flesh":26,"minecraft:tropical_fish":1,"quark:violet_corundum_cluster":13,"butchersdelightfoods:ham":2,"minecraft:obsidian":13,"minecraft:cobblestone":372,"regions_unexplored:golden_larch_sapling":54,"minecraft:nautilus_shell":1,"minecraft:cooked_beef":4,"minecraft:iron_door":1,"minecraft:water_bucket":1,"minecraft:andesite":43,"minecraft:black_bed":1,"map_atlases:atlas":1,"minecraft:potato":656,"quark:black_corundum_cluster":1,"supplementaries:item_shelf":1,"hexerei:witch_hazel_drying_rack":2,"butchersdelight:deadpig":2,"minecraft:tuff":13,"minecraft:lapis_lazuli":101,"minecraft:dirt":1067,"minecraft:glass":128,"minecraft:bone":35,"hexerei:wax_blend":6,"minecraft:wheat_seeds":275,"regions_unexplored:larch_trapdoor":28,"minecraft:mossy_stone_bricks":2,"minecraft:bamboo":499,"minecraft:oak_planks":12,"hexerei:animal_fat":1,"spore:armor_fragment":6,"minecraft:sand":249,"minecraft:poisonous_potato":1,"butchersdelightfoods:porkloin":2,"hexerei:sage":1,"regions_unexplored:larch_slab":6,"immersiveengineering:circuit_table":1,"minecraft:ink_sac":9,"tenebrous_lands:zenyr":3,"minecraft:mossy_cobblestone":24,"regions_unexplored:cattail":5,"minecraft:dispenser":2,"supplementaries:bamboo_spikes":17,"minecraft:diamond":2,"minecraft:granite":43,"minecraft:bone_meal":6,"butchersdelight:hook":1,"minecraft:oak_sapling":22,"born_in_chaos_v1:rotten_fish":9,"butchersdelightfoods:sheepshank":2,"minecraft:dark_oak_fence":4,"minecraft:diamond_pickaxe":2,"minecraft:crafting_table":11,"minecraft:gold_block":5,"regions_unexplored:maple_boat":2,"minecraft:oak_trapdoor":1,"supplementaries:globe":1,"minecraft:moss_carpet":5,"minecraft:flint_and_steel":1,"supplementaries:timber_cross_brace":3,"butchersdelightfoods:cookedporkribs":2,"butchersdelightfoods:sheeploin":1,"minecraft:cracked_stone_bricks":1,"immersiveengineering:crate":3,"minecraft:spruce_slab":2,"minecraft:sugar_cane":36,"butchersdelightfoods:porkribs":2,"minecraft:spruce_trapdoor":4,"minecraft:egg":1,"minecraft:raw_iron":88,"quark:violet_corundum":9,"minecraft:copper_ingot":1,"minecraft:carrot":130,"minecraft:redstone":39,"regions_unexplored:purple_coneflower":139,"hexerei:sage_seed":19,"butchersdelight:deadsheep":1,"minecraft:arrow":37,"regions_unexplored:redstone_bulb":4,"regions_unexplored:maple_sapling":46,"minecraft:peony":14,"butchersdelightfoods:sheeprack":2,"minecraft:gold_ingot":9,"butchersdelight:roaster":1,"minecraft:mutton":1,"minecraft:rail":1,"born_in_chaos_v1:corpse_maggot":1,"regions_unexplored:peat_dirt":176,"born_in_chaos_v1:monster_flesh":1,"minecraft:glow_ink_sac":1,"minecraft:salmon":13,"minecraft:leather":1,"minecraft:oak_log":74,"minecraft:cobblestone_wall":1,"hexerei:crow_blank_amulet":1,"minecraft:gunpowder":19,"minecraft:apple":8,"minecraft:stone_bricks":9,"boh:kindness_flower":7,"minecraft:kelp":3,"hexerei:pestle_and_mortar":1,"minecraft:iron_ingot":1,"minecraft:stone_pickaxe":1,"regions_unexplored:larch_sapling":25,"spore:mutated_fiber":7,"minecraft:glass_bottle":2,"minecraft:iron_sword":2,"minecraft:dark_oak_slab":1,"minecraft:sweet_berries":5,"minecraft:stone_brick_slab":1,"regions_unexplored:oak_shrub":1,"minecraft:gravel":18,"undead_unleashed:grave_metal_scrap":40,"minecraft:spruce_sapling":20,"minecraft:white_bed":3,"minecraft:spruce_log":17,"immersiveengineering:revolver":1,"minecraft:spider_eye":2,"supplementaries:clock_block":1,"butchersdelight:sheephide":2,"minecraft:pumpkin_seeds":32,"immersiveengineering:seed":24,"minecraft:stone_axe":1,"hexerei:herb_jar":1,"regions_unexplored:maple_log":91,"minecraft:baked_potato":9,"regions_unexplored:larch_boat":4,"minecraft:coal":238,"immersiveengineering:raw_silver":21,"minecraft:wooden_axe":1},"minecraft:killed":{"minecraft:cave_spider":2,"minecraft:witch":1,"graveyard:skeleton_creeper":1,"minecraft:spider":9,"minecraft:skeleton":32,"minecraft:illusioner":2,"minecraft:pig":2,"spore:inf_player":1,"minecraft:salmon":11,"minecraft:creeper":27,"minecraft:pillager":2,"minecraft:zombie":17,"born_in_chaos_v1:dread_hound":1,"undead_unleashed:shadewraith":1,"undead_unleashed:haunter":1,"tenebrous_lands:stalker":2,"fear_the_dark:fever_dream":1,"spore:inf_vindicator":2,"born_in_chaos_v1:maggot":1,"born_in_chaos_v1:corpse_fish":3,"minecraft:drowned":1,"born_in_chaos_v1:baby_skeleton":1,"minecraft:squid":3,"spore:inf_pillager":1,"tenebrous_lands:wendigo":1,"difficult_spawners:evil_spirit":6},"minecraft:broken":{"minecraft:iron_shovel":1,"minecraft:iron_chestplate":1,"minecraft:stone_pickaxe":5,"minecraft:stone_shovel":5,"minecraft:stone_sword":3},"minecraft:dropped":{"minecraft:iron_sword":1,"hexerei:wax_blend":6,"boh:kindness_flower":1,"undead_unleashed:grave_metal_chestplate":1,"minecraft:baked_potato":84,"minecraft:glow_ink_sac":1,"hexerei:crow_blank_amulet":1,"regions_unexplored:maple_planks":21,"minecraft:dirt":4,"minecraft:dispenser":1,"minecraft:tnt_minecart":1,"regions_unexplored:purple_coneflower":138,"regions_unexplored:golden_larch_sapling":8,"regions_unexplored:pointed_redstone":1,"regions_unexplored:redstone_bulb":2,"minecraft:gold_ingot":9,"hexerei:sage":1,"minecraft:bone":12,"minecraft:stone_axe":3,"regions_unexplored:raw_redstone_block":1,"minecraft:cobbled_deepslate":10,"minecraft:wheat":4,"minecraft:rotten_flesh":3,"regions_unexplored:maple_sapling":14,"regions_unexplored:larch_sapling":19,"regions_unexplored:oak_shrub":1,"minecraft:salmon":1,"minecraft:carrot":26,"regions_unexplored:cattail":5,"regions_unexplored:peat_dirt":30,"minecraft:tipped_arrow":20,"regions_unexplored:larch_boat":2,"minecraft:glass":50,"immersiveengineering:revolver":1,"immersiveengineering:seed":26,"minecraft:stone_hoe":1,"butchersdelightfoods:porkloin":1,"minecraft:wheat_seeds":132,"minecraft:poisonous_potato":1,"minecraft:cobblestone":18,"quark:paper_wall":30,"minecraft:tropical_fish":1,"minecraft:stick":2,"minecraft:diorite":25,"minecraft:ink_sac":1,"minecraft:torch":3,"minecraft:cooked_salmon":4,"minecraft:iron_axe":1,"minecraft:string":2,"minecraft:spruce_sapling":6,"minecraft:polished_deepslate":7,"minecraft:moss_carpet":6,"minecraft:kelp":3,"minecraft:sweet_berries":3,"hexerei:sage_seed":21,"minecraft:stone_sword":5,"minecraft:cobblestone_wall":1,"regions_unexplored:peat_mud":7,"minecraft:tuff":13,"butchersdelightfoods:porkribs":1,"minecraft:iron_boots":1,"minecraft:pumpkin_seeds":64,"minecraft:peony":14,"minecraft:spruce_trapdoor":4,"minecraft:mossy_stone_bricks":3,"minecraft:oak_sapling":1,"butchersdelightfoods:ham":1,"minecraft:bamboo":47},"minecraft:mined":{"hexerei:herb_jar":1,"minecraft:spruce_planks":1,"minecraft:white_bed":3,"regions_unexplored:maple_planks":2,"minecraft:obsidian":14,"regions_unexplored:larch_planks":3,"minecraft:spruce_trapdoor":4,"regions_unexplored:cattail":5,"minecraft:granite":43,"minecraft:grass_block":584,"regions_unexplored:purple_coneflower":41,"minecraft:spawner":2,"regions_unexplored:stone_bud":13,"minecraft:iron_ore":53,"minecraft:cobbled_deepslate":9,"regions_unexplored:mossy_stone":24,"immersiveengineering:deepslate_ore_silver":21,"supplementaries:globe":1,"minecraft:deepslate_lapis_ore":16,"quark:black_corundum_cluster":1,"supplementaries:stick":11,"minecraft:dirt_path":22,"regions_unexplored:larch_log":4,"minecraft:spruce_slab":2,"minecraft:tripwire":3,"quark:violet_corundum":3,"minecraft:deepslate_redstone_ore":2,"hexerei:witch_hazel_drying_rack":2,"supplementaries:timber_cross_brace":3,"minecraft:torch":8,"regions_unexplored:peat_grass_block":123,"minecraft:glass":8,"minecraft:cobblestone":29,"minecraft:oak_planks":12,"minecraft:sugar_cane":19,"minecraft:iron_door":1,"minecraft:wall_torch":11,"minecraft:cauldron":1,"minecraft:seagrass":2,"realmrpg_skeletons:bow_skeleton":1,"minecraft:dark_oak_slab":1,"minecraft:wheat":26,"minecraft:stone_brick_stairs":1,"minecraft:grass":139,"regions_unexplored:oak_shrub":1,"minecraft:oak_log":20,"regions_unexplored:peat_dirt":25,"minecraft:sand":234,"minecraft:dirt":129,"minecraft:oak_leaves":6,"spore:remains":2,"minecraft:deepslate":278,"supplementaries:clock_block":1,"minecraft:tuff":16,"minecraft:mossy_cobblestone":4,"minecraft:deepslate_diamond_ore":4,"born_in_chaos_v1:infected_diamond_ore":2,"minecraft:dark_oak_fence":4,"regions_unexplored:maple_leaves":1,"minecraft:spruce_leaves":3,"minecraft:kelp":5,"regions_unexplored:raw_redstone_block":2,"minecraft:large_fern":2,"minecraft:redstone_ore":6,"butchersdelight:roaster":1,"minecraft:furnace":1,"minecraft:carrots":1,"supplementaries:bamboo_spikes":11,"regions_unexplored:larch_slab":4,"minecraft:andesite":41,"treechop:chopped_log":24,"regions_unexplored:larch_leaves":2,"minecraft:peony":14,"minecraft:gold_block":5,"minecraft:polished_deepslate":9,"minecraft:deepslate_iron_ore":35,"minecraft:cobblestone_slab":2,"minecraft:vine":1,"regions_unexplored:medium_grass":191,"minecraft:bamboo":57,"minecraft:stone":302,"regions_unexplored:redstone_bulb":3,"minecraft:stone_brick_slab":1,"regions_unexplored:larch_trapdoor":3,"minecraft:crafting_table":11,"supplementaries:item_shelf":1,"regions_unexplored:peat_mud":2,"minecraft:copper_ore":7,"minecraft:tall_grass":3,"minecraft:diorite":9,"deep_dark_regrowth:sculk_moss":1,"minecraft:cobblestone_wall":1,"minecraft:sweet_berry_bush":2,"immersiveengineering:circuit_table":1,"minecraft:coal_ore":238,"minecraft:gravel":7,"minecraft:cobweb":31,"minecraft:cracked_stone_bricks":1,"minecraft:stone_bricks":9,"minecraft:mossy_stone_bricks":1,"quark:violet_corundum_cluster":8,"immersiveengineering:crate":3},"minecraft:custom":{"minecraft:interact_with_crafting_table":111,"minecraft:open_barrel":8,"minecraft:bell_ring":22,"minecraft:leave_game":11,"minecraft:time_since_death":48040,"minecraft:sprint_one_cm":1119076,"minecraft:damage_blocked_by_shield":1705,"minecraft:drop":134,"minecraft:talked_to_villager":14,"minecraft:play_time":664308,"minecraft:deaths":33,"minecraft:jump":6449,"minecraft:walk_on_water_one_cm":117422,"minecraft:interact_with_furnace":174,"minecraft:interact_with_cartography_table":1,"minecraft:damage_dealt":24603,"minecraft:crouch_one_cm":200571,"minecraft:interact_with_smoker":34,"minecraft:mob_kills":142,"minecraft:climb_one_cm":17935,"minecraft:walk_one_cm":1665819,"minecraft:sneak_time":68062,"minecraft:walk_under_water_one_cm":36333,"minecraft:boat_one_cm":1000,"minecraft:interact_with_blast_furnace":2,"minecraft:total_world_time":664308,"minecraft:interact_with_grindstone":2,"minecraft:time_since_rest":48072,"minecraft:damage_absorbed":40,"minecraft:damage_taken":14469,"minecraft:swim_one_cm":56055,"minecraft:fly_one_cm":1919972,"minecraft:open_chest":527,"minecraft:fish_caught":2,"minecraft:fall_one_cm":109815}},"DataVersion":3120}