{"stats":{"minecraft:broken":{"minecraft:stone_pickaxe":8},"minecraft:mined":{"minecraft:cobblestone_stairs":2,"born_in_chaos_v1:infected_diamond_ore":4,"minecraft:spruce_trapdoor":1,"regions_unexplored:cattail":1,"minecraft:granite":81,"born_in_chaos_v1:black_argillite":2,"minecraft:kelp":1,"minecraft:spawner":2,"minecraft:large_fern":1,"minecraft:furnace":2,"minecraft:iron_ore":35,"minecraft:andesite":69,"treechop:chopped_log":4,"minecraft:deepslate_iron_ore":3,"regions_unexplored:medium_grass":1,"immersiveengineering:ore_lead":12,"regions_unexplored:larch_log":1,"minecraft:stone":758,"regions_unexplored:redstone_bulb":1,"minecraft:kelp_plant":6,"minecraft:crafting_table":2,"minecraft:torch":7,"minecraft:emerald_ore":14,"regions_unexplored:peat_grass_block":27,"minecraft:copper_ore":1,"minecraft:cobblestone":49,"minecraft:lapis_ore":8,"minecraft:sugar_cane":2,"minecraft:diorite":69,"minecraft:wall_torch":18,"minecraft:amethyst_block":1,"minecraft:black_bed":1,"minecraft:coal_ore":57,"regions_unexplored:peat_dirt":27,"quark:spruce_chest":1,"minecraft:gravel":2,"minecraft:dirt":25,"minecraft:cobweb":7,"minecraft:cracked_stone_bricks":3,"minecraft:stone_bricks":4,"minecraft:mossy_stone_bricks":4,"minecraft:deepslate":2},"minecraft:custom":{"minecraft:mob_kills":32,"minecraft:interact_with_crafting_table":30,"minecraft:open_barrel":1,"minecraft:interact_with_campfire":31,"minecraft:leave_game":2,"minecraft:time_since_death":22643,"minecraft:climb_one_cm":6380,"minecraft:sprint_one_cm":276931,"minecraft:walk_one_cm":679180,"minecraft:damage_blocked_by_shield":173,"minecraft:drop":36,"minecraft:play_time":120038,"minecraft:deaths":4,"minecraft:sneak_time":1714,"minecraft:walk_under_water_one_cm":7111,"minecraft:jump":807,"minecraft:walk_on_water_one_cm":9981,"minecraft:total_world_time":120038,"minecraft:interact_with_furnace":28,"minecraft:time_since_rest":22774,"minecraft:damage_taken":1550,"minecraft:damage_dealt":3619,"minecraft:swim_one_cm":4422,"minecraft:fly_one_cm":88290,"minecraft:open_chest":34,"minecraft:crouch_one_cm":6065,"minecraft:fall_one_cm":9005},"minecraft:crafted":{"minecraft:stone_shovel":2,"minecraft:iron_nugget":9,"minecraft:furnace":3,"regions_unexplored:larch_planks":76,"minecraft:cobblestone_stairs":84,"butchersdelight:rack":1,"regions_unexplored:larch_door":3,"minecraft:iron_boots":1,"butchersdelight:roaster":1,"minecraft:stone_pickaxe":8,"minecraft:chest":2,"butchersdelight:hook":1,"minecraft:crafting_table":1,"minecraft:wooden_pickaxe":1,"minecraft:iron_helmet":1,"minecraft:birch_planks":36,"butchersdelight:cleaver":1,"minecraft:campfire":1,"minecraft:stone_axe":1,"minecraft:air":0,"minecraft:iron_chestplate":1,"minecraft:shield":1,"minecraft:stick":28,"minecraft:iron_ingot":19,"minecraft:iron_pickaxe":1,"minecraft:wooden_axe":1,"minecraft:stone_sword":1},"minecraft:dropped":{"minecraft:bread":5,"regions_unexplored:larch_door":2,"minecraft:cooked_beef":4,"minecraft:feather":2,"minecraft:cobblestone":32,"minecraft:amethyst_block":1,"minecraft:granite":19,"minecraft:cracked_stone_bricks":2,"minecraft:torch":1,"minecraft:dried_kelp":5,"minecraft:redstone":1,"butchersdelight:deadchiken":1,"regions_unexplored:larch_log":17,"butchersdelight:cleaver":1,"minecraft:filled_map":1,"regions_unexplored:peat_dirt":5,"minecraft:spruce_trapdoor":1,"minecraft:mossy_stone_bricks":2,"minecraft:chest":2,"minecraft:stone_bricks":2},"minecraft:used":{"minecraft:stone_sword":115,"minecraft:stone_shovel":71,"minecraft:dried_kelp":21,"minecraft:chest":2,"minecraft:shield":6,"butchersdelight:hook":1,"minecraft:cooked_chicken":4,"minecraft:iron_chestplate":1,"minecraft:torch":28,"minecraft:dirt":2,"minecraft:granite":38,"minecraft:wooden_axe":37,"butchersdelight:cleaver":2,"quark:spruce_chest":1,"minecraft:iron_helmet":1,"minecraft:furnace":3,"minecraft:egg":4,"minecraft:cooked_beef":3,"minecraft:iron_leggings":1,"minecraft:diorite":22,"minecraft:cobblestone_stairs":58,"minecraft:stone_pickaxe":1045,"regions_unexplored:peat_dirt":14,"minecraft:wooden_pickaxe":37,"minecraft:cracked_stone_bricks":1,"minecraft:crafting_table":3,"minecraft:campfire":1,"minecraft:black_bed":2,"minecraft:bread":4,"minecraft:iron_pickaxe":107,"minecraft:map":1,"butchersdelight:roaster":1,"minecraft:stone_axe":50,"regions_unexplored:larch_door":3,"minecraft:cobblestone":152,"minecraft:andesite":8,"butchersdelight:rack":1},"minecraft:picked_up":{"minecraft:crafting_table":2,"minecraft:chicken":4,"minecraft:amethyst_block":1,"born_in_chaos_v1:black_argillite":2,"minecraft:string":17,"minecraft:raw_copper":4,"minecraft:iron_leggings":1,"butchersdelight:cleaver":1,"minecraft:cracked_stone_bricks":3,"immersiveengineering:raw_lead":10,"quark:spruce_chest":1,"minecraft:cobbled_deepslate":2,"regions_unexplored:larch_log":150,"minecraft:sugar_cane":5,"minecraft:chest":2,"minecraft:birch_sapling":1,"minecraft:spruce_trapdoor":1,"minecraft:egg":4,"minecraft:furnace":2,"minecraft:stick":30,"minecraft:raw_iron":38,"minecraft:copper_ingot":4,"minecraft:torch":29,"minecraft:dried_kelp":26,"minecraft:diorite":69,"minecraft:redstone":1,"minecraft:arrow":4,"minecraft:rotten_flesh":5,"minecraft:cobblestone":811,"regions_unexplored:golden_larch_sapling":30,"minecraft:birch_log":9,"regions_unexplored:peat_dirt":61,"minecraft:feather":10,"minecraft:cooked_beef":10,"minecraft:andesite":67,"minecraft:black_bed":1,"minecraft:cobblestone_stairs":2,"minecraft:map":1,"minecraft:lapis_lazuli":52,"minecraft:dirt":27,"butchersdelight:deadchiken":4,"minecraft:bone":5,"minecraft:stone_bricks":2,"minecraft:kelp":27,"minecraft:wheat_seeds":4,"minecraft:cooked_chicken":4,"regions_unexplored:larch_sapling":13,"minecraft:mossy_stone_bricks":2,"hexerei:animal_fat":1,"minecraft:gravel":2,"regions_unexplored:larch_door":2,"undead_unleashed:grave_metal_scrap":2,"minecraft:ink_sac":2,"minecraft:spider_eye":2,"immersiveengineering:seed":1,"minecraft:granite":79,"minecraft:emerald":14,"minecraft:bread":2,"minecraft:coal":57},"minecraft:killed_by":{"minecraft:creeper":1,"boh:jeff_the_killer":1,"minecraft:skeleton":1,"cave_dweller:cave_dweller":1},"minecraft:killed":{"minecraft:cave_spider":9,"minecraft:skeleton":5,"minecraft:chicken":4,"minecraft:creeper":4,"minecraft:squid":1,"minecraft:zombie":8}},"DataVersion":3120}