{"stats":{"minecraft:crafted":{"minecraft:stone_shovel":3,"quark:birch_chest":1,"minecraft:iron_nugget":9,"minecraft:furnace":3,"minecraft:cobblestone_stairs":84,"regions_unexplored:larch_planks":76,"minecraft:bone_meal":54,"travelersbackpack:gold_tier_upgrade":1,"travelersbackpack:blank_upgrade":4,"butchersdelight:rack":1,"travelersbackpack:white_sleeping_bag":1,"regions_unexplored:larch_door":3,"minecraft:iron_boots":1,"butchersdelight:roaster":1,"minecraft:stone_pickaxe":15,"minecraft:chest":4,"minecraft:smoker":1,"butchersdelight:hook":1,"minecraft:crafting_table":1,"minecraft:iron_helmet":1,"travelersbackpack:backpack_tank":4,"minecraft:wooden_pickaxe":1,"travelersbackpack:standard":1,"minecraft:smithing_table":1,"hexerei:herb_drying_rack":1,"butchersdelight:cleaver":1,"minecraft:birch_planks":36,"minecraft:campfire":1,"minecraft:stone_axe":1,"minecraft:air":0,"minecraft:white_wool":3,"minecraft:iron_chestplate":3,"minecraft:shield":1,"minecraft:stick":28,"minecraft:iron_ingot":23,"minecraft:iron_pickaxe":1,"minecraft:wooden_axe":1,"minecraft:stone_sword":2,"minecraft:torch":20,"regions_unexplored:larch_slab":6},"minecraft:killed_by":{"minecraft:creeper":1,"boh:jeff_the_killer":1,"minecraft:skeleton":3,"cave_dweller:cave_dweller":1},"minecraft:used":{"quark:birch_chest":1,"minecraft:stone_sword":341,"minecraft:stone_shovel":114,"minecraft:dried_kelp":21,"minecraft:chest":2,"born_in_chaos_v1:smoked_fish":1,"minecraft:shield":14,"butchersdelight:hook":7,"minecraft:cooked_chicken":5,"minecraft:stone_hoe":38,"minecraft:iron_chestplate":1,"minecraft:torch":66,"minecraft:dirt":2,"regions_unexplored:argillite":1,"minecraft:tuff":3,"minecraft:granite":60,"minecraft:wooden_axe":37,"butchersdelight:cleaver":2,"quark:spruce_chest":1,"minecraft:iron_helmet":1,"minecraft:furnace":3,"minecraft:egg":4,"minecraft:potato":8,"minecraft:cooked_beef":6,"hexerei:herb_drying_rack":2,"minecraft:iron_leggings":1,"minecraft:wheat_seeds":4,"minecraft:diorite":48,"minecraft:amethyst_block":1,"minecraft:cobblestone_stairs":62,"minecraft:stone_pickaxe":1759,"minecraft:baked_potato":16,"regions_unexplored:peat_dirt":14,"minecraft:wooden_pickaxe":37,"minecraft:sugar_cane":5,"minecraft:cracked_stone_bricks":1,"minecraft:crafting_table":3,"minecraft:campfire":1,"minecraft:black_bed":2,"minecraft:smoker":1,"hexerei:sage_seed":1,"minecraft:iron_pickaxe":202,"minecraft:bread":4,"minecraft:map":1,"butchersdelight:roaster":1,"minecraft:gravel":1,"minecraft:stone_axe":62,"regions_unexplored:larch_door":3,"minecraft:cobblestone":271,"travelersbackpack:standard":1,"minecraft:smithing_table":1,"minecraft:andesite":51,"butchersdelight:rack":2,"regions_unexplored:larch_sapling":1,"minecraft:bone_meal":54,"minecraft:cobweb":1},"minecraft:picked_up":{"minecraft:crafting_table":2,"minecraft:chicken":6,"regions_unexplored:larch_planks":16,"minecraft:clay_ball":20,"minecraft:amethyst_block":2,"born_in_chaos_v1:black_argillite":7,"minecraft:string":21,"minecraft:raw_copper":8,"minecraft:iron_leggings":1,"butchersdelight:cleaver":2,"graveyard:corruption":1,"minecraft:cracked_stone_bricks":3,"immersiveengineering:raw_lead":13,"quark:spruce_chest":1,"minecraft:cobbled_deepslate":73,"regions_unexplored:larch_log":151,"minecraft:redstone_torch":1,"minecraft:cobblestone_slab":8,"minecraft:calcite":27,"minecraft:sugar_cane":15,"minecraft:chest":2,"minecraft:birch_sapling":1,"minecraft:spruce_trapdoor":1,"minecraft:furnace":2,"minecraft:egg":4,"minecraft:stick":55,"minecraft:raw_iron":67,"regions_unexplored:corpse_flower":4,"minecraft:copper_ingot":4,"minecraft:torch":56,"minecraft:dried_kelp":26,"minecraft:diorite":146,"minecraft:redstone":2,"regions_unexplored:argillite":1,"hexerei:sage_seed":1,"minecraft:arrow":9,"minecraft:rotten_flesh":15,"hexerei:herb_drying_rack":1,"minecraft:cobblestone":1255,"regions_unexplored:golden_larch_sapling":31,"minecraft:birch_log":9,"regions_unexplored:peat_dirt":76,"minecraft:feather":13,"minecraft:cooked_beef":10,"minecraft:andesite":162,"minecraft:black_bed":1,"minecraft:leather":1,"minecraft:potato":38,"minecraft:tuff":8,"minecraft:gunpowder":3,"minecraft:cobblestone_stairs":3,"minecraft:lapis_lazuli":52,"butchersdelight:rack":1,"minecraft:map":1,"minecraft:dirt":30,"butchersdelight:deadchiken":6,"minecraft:bone":9,"minecraft:stone_bricks":2,"minecraft:kelp":27,"minecraft:wheat_seeds":8,"minecraft:raw_gold":1,"minecraft:iron_ingot":2,"minecraft:cooked_chicken":4,"regions_unexplored:larch_sapling":14,"spore:mutated_fiber":4,"minecraft:mossy_stone_bricks":2,"minecraft:glowstone_dust":1,"regions_unexplored:dropleaf":5,"hexerei:animal_fat":1,"minecraft:smooth_basalt":11,"regions_unexplored:larch_door":3,"minecraft:gravel":3,"minecraft:sand":38,"undead_unleashed:grave_metal_scrap":6,"minecraft:ink_sac":2,"tenebrous_lands:zenyr":1,"minecraft:spider_eye":4,"immersiveengineering:seed":2,"minecraft:granite":116,"minecraft:bread":2,"minecraft:emerald":14,"immersiveengineering:raw_nickel":9,"born_in_chaos_v1:rotten_fish":1,"minecraft:baked_potato":8,"butchersdelight:hook":1,"minecraft:coal":59,"immersiveengineering:raw_silver":12},"minecraft:killed":{"minecraft:cave_spider":9,"minecraft:witch":1,"minecraft:spider":2,"born_in_chaos_v1:maggot":1,"tenebrous_lands:tartarus":1,"minecraft:skeleton":15,"minecraft:chicken":4,"born_in_chaos_v1:baby_skeleton_2":1,"born_in_chaos_v1:corpse_fish":1,"graveyard:ghoul":1,"spore:inf_player":1,"minecraft:zombie_villager":1,"minecraft:creeper":8,"minecraft:squid":1,"spore:inf_pillager":1,"spore:inf_villager":1,"minecraft:pillager":1,"minecraft:zombie":21,"undead_unleashed:haunter":1},"minecraft:broken":{"minecraft:stone_sword":2,"minecraft:stone_pickaxe":13},"minecraft:mined":{"minecraft:tuff":4,"butchersdelight:rack":1,"minecraft:cobblestone_stairs":2,"regions_unexplored:dropleaf_plant":1,"regions_unexplored:dropleaf":2,"born_in_chaos_v1:infected_diamond_ore":4,"minecraft:spruce_trapdoor":1,"regions_unexplored:cattail":1,"minecraft:granite":117,"born_in_chaos_v1:black_argillite":7,"minecraft:kelp":1,"immersiveengineering:ore_silver":13,"minecraft:spawner":2,"minecraft:large_fern":1,"regions_unexplored:argillite":2,"regions_unexplored:larch_door":1,"minecraft:furnace":2,"minecraft:iron_ore":46,"minecraft:andesite":157,"treechop:chopped_log":4,"immersiveengineering:deepslate_ore_nickel":9,"minecraft:potatoes":1,"minecraft:deepslate_iron_ore":20,"minecraft:cobblestone_slab":6,"regions_unexplored:medium_grass":12,"immersiveengineering:ore_lead":12,"regions_unexplored:larch_log":1,"minecraft:stone":1155,"regions_unexplored:redstone_bulb":1,"minecraft:kelp_plant":6,"regions_unexplored:corpse_flower":2,"minecraft:clay":5,"minecraft:crafting_table":2,"minecraft:torch":8,"minecraft:emerald_ore":14,"regions_unexplored:peat_grass_block":34,"minecraft:calcite":14,"minecraft:copper_ore":3,"minecraft:cobblestone":82,"minecraft:lapis_ore":8,"minecraft:sugar_cane":7,"minecraft:diorite":144,"minecraft:wall_torch":43,"minecraft:amethyst_block":2,"minecraft:redstone_torch":1,"immersiveengineering:deepslate_ore_lead":3,"minecraft:black_bed":1,"minecraft:grass":9,"butchersdelight:hook":1,"minecraft:coal_ore":57,"regions_unexplored:peat_dirt":27,"quark:spruce_chest":1,"minecraft:gravel":2,"minecraft:sand":38,"minecraft:dirt":25,"minecraft:cobweb":8,"minecraft:smooth_basalt":11,"minecraft:cracked_stone_bricks":3,"minecraft:stone_bricks":4,"minecraft:mossy_stone_bricks":4,"minecraft:deepslate":64},"minecraft:dropped":{"minecraft:bread":5,"regions_unexplored:larch_door":2,"minecraft:cooked_beef":4,"minecraft:baked_potato":9,"minecraft:feather":2,"minecraft:cobblestone":108,"minecraft:amethyst_block":1,"minecraft:granite":21,"minecraft:cracked_stone_bricks":2,"minecraft:diorite":7,"minecraft:torch":4,"minecraft:dried_kelp":5,"minecraft:redstone":1,"butchersdelight:deadchiken":1,"regions_unexplored:larch_log":17,"minecraft:cooked_chicken":1,"butchersdelight:cleaver":2,"minecraft:filled_map":1,"minecraft:cobblestone_slab":7,"regions_unexplored:peat_dirt":13,"minecraft:spruce_trapdoor":1,"minecraft:iron_chestplate":2,"minecraft:andesite":14,"minecraft:mossy_stone_bricks":2,"minecraft:chest":2,"minecraft:stone_bricks":2,"minecraft:calcite":2},"minecraft:custom":{"minecraft:interact_with_smithing_table":2,"minecraft:mob_kills":78,"minecraft:interact_with_crafting_table":52,"minecraft:open_barrel":1,"minecraft:interact_with_campfire":39,"minecraft:damage_dealt_resisted":30,"minecraft:leave_game":4,"minecraft:time_since_death":6156,"minecraft:climb_one_cm":6380,"minecraft:sprint_one_cm":397873,"minecraft:walk_one_cm":1098197,"minecraft:damage_blocked_by_shield":908,"minecraft:drop":78,"minecraft:play_time":244732,"minecraft:sneak_time":6855,"minecraft:deaths":6,"minecraft:walk_under_water_one_cm":12862,"minecraft:jump":1412,"minecraft:walk_on_water_one_cm":20041,"minecraft:total_world_time":244732,"minecraft:interact_with_furnace":41,"minecraft:interact_with_stonecutter":1,"minecraft:time_since_rest":6169,"minecraft:damage_taken":3206,"minecraft:damage_dealt":12572,"minecraft:swim_one_cm":11236,"minecraft:fly_one_cm":153807,"minecraft:open_chest":219,"minecraft:crouch_one_cm":14475,"minecraft:interact_with_smoker":4,"minecraft:fall_one_cm":16580}},"DataVersion":3120}