{"stats":{"minecraft:used":{"minecraft:stone_sword":252,"minecraft:stone_shovel":100,"minecraft:dried_kelp":21,"born_in_chaos_v1:smoked_fish":1,"minecraft:chest":2,"minecraft:shield":6,"butchersdelight:hook":7,"minecraft:stone_hoe":38,"minecraft:cooked_chicken":5,"minecraft:iron_chestplate":1,"minecraft:torch":34,"minecraft:dirt":2,"minecraft:granite":47,"minecraft:wooden_axe":37,"butchersdelight:cleaver":2,"quark:spruce_chest":1,"minecraft:iron_helmet":1,"minecraft:furnace":3,"minecraft:egg":4,"hexerei:herb_drying_rack":2,"minecraft:potato":8,"minecraft:cooked_beef":6,"minecraft:iron_leggings":1,"minecraft:wheat_seeds":4,"minecraft:diorite":26,"minecraft:cobblestone_stairs":58,"minecraft:stone_pickaxe":1474,"minecraft:baked_potato":1,"regions_unexplored:peat_dirt":14,"minecraft:wooden_pickaxe":37,"minecraft:sugar_cane":5,"minecraft:cracked_stone_bricks":1,"minecraft:crafting_table":3,"minecraft:campfire":1,"minecraft:black_bed":2,"minecraft:smoker":1,"hexerei:sage_seed":1,"minecraft:bread":4,"minecraft:iron_pickaxe":125,"minecraft:map":1,"butchersdelight:roaster":1,"minecraft:stone_axe":62,"regions_unexplored:larch_door":3,"minecraft:cobblestone":204,"minecraft:andesite":28,"butchersdelight:rack":2,"regions_unexplored:larch_sapling":1,"minecraft:bone_meal":54,"minecraft:cobweb":1},"minecraft:mined":{"butchersdelight:rack":1,"minecraft:cobblestone_stairs":2,"born_in_chaos_v1:infected_diamond_ore":4,"minecraft:spruce_trapdoor":1,"regions_unexplored:cattail":1,"minecraft:granite":102,"born_in_chaos_v1:black_argillite":2,"minecraft:kelp":1,"immersiveengineering:ore_silver":13,"minecraft:spawner":2,"minecraft:large_fern":1,"regions_unexplored:larch_door":1,"minecraft:furnace":2,"minecraft:iron_ore":42,"minecraft:andesite":139,"treechop:chopped_log":4,"minecraft:potatoes":1,"minecraft:cobblestone_slab":6,"minecraft:deepslate_iron_ore":3,"regions_unexplored:medium_grass":12,"immersiveengineering:ore_lead":12,"regions_unexplored:larch_log":1,"minecraft:stone":1015,"regions_unexplored:redstone_bulb":1,"minecraft:kelp_plant":6,"minecraft:clay":5,"minecraft:crafting_table":2,"minecraft:torch":7,"minecraft:emerald_ore":14,"regions_unexplored:peat_grass_block":34,"minecraft:calcite":2,"minecraft:copper_ore":3,"minecraft:cobblestone":76,"minecraft:lapis_ore":8,"minecraft:sugar_cane":7,"minecraft:diorite":103,"minecraft:wall_torch":24,"minecraft:amethyst_block":1,"minecraft:redstone_torch":1,"minecraft:black_bed":1,"minecraft:grass":9,"butchersdelight:hook":1,"minecraft:coal_ore":57,"regions_unexplored:peat_dirt":27,"quark:spruce_chest":1,"minecraft:gravel":2,"minecraft:sand":24,"minecraft:dirt":25,"minecraft:cobweb":8,"minecraft:cracked_stone_bricks":3,"minecraft:stone_bricks":4,"minecraft:mossy_stone_bricks":4,"minecraft:deepslate":2},"minecraft:broken":{"minecraft:stone_sword":2,"minecraft:stone_pickaxe":11},"minecraft:custom":{"minecraft:mob_kills":65,"minecraft:interact_with_crafting_table":45,"minecraft:open_barrel":1,"minecraft:interact_with_campfire":39,"minecraft:damage_dealt_resisted":30,"minecraft:leave_game":3,"minecraft:time_since_death":103962,"minecraft:climb_one_cm":6380,"minecraft:sprint_one_cm":344076,"minecraft:walk_one_cm":916725,"minecraft:damage_blocked_by_shield":173,"minecraft:drop":65,"minecraft:play_time":201357,"minecraft:deaths":4,"minecraft:sneak_time":5150,"minecraft:walk_under_water_one_cm":10135,"minecraft:jump":1025,"minecraft:walk_on_water_one_cm":14167,"minecraft:total_world_time":201357,"minecraft:interact_with_furnace":39,"minecraft:time_since_rest":104093,"minecraft:damage_taken":1868,"minecraft:damage_dealt":9460,"minecraft:swim_one_cm":6800,"minecraft:fly_one_cm":130342,"minecraft:open_chest":174,"minecraft:crouch_one_cm":10787,"minecraft:interact_with_smoker":4,"minecraft:fall_one_cm":12342},"minecraft:dropped":{"minecraft:bread":5,"regions_unexplored:larch_door":2,"minecraft:cooked_beef":4,"minecraft:baked_potato":4,"minecraft:feather":2,"minecraft:cobblestone":107,"minecraft:amethyst_block":1,"minecraft:granite":19,"minecraft:cracked_stone_bricks":2,"minecraft:diorite":7,"minecraft:torch":1,"minecraft:dried_kelp":5,"minecraft:redstone":1,"butchersdelight:deadchiken":1,"regions_unexplored:larch_log":17,"minecraft:cooked_chicken":1,"butchersdelight:cleaver":2,"minecraft:filled_map":1,"minecraft:cobblestone_slab":7,"regions_unexplored:peat_dirt":13,"minecraft:spruce_trapdoor":1,"minecraft:iron_chestplate":2,"minecraft:andesite":12,"minecraft:mossy_stone_bricks":2,"minecraft:chest":2,"minecraft:stone_bricks":2,"minecraft:calcite":2},"minecraft:killed_by":{"minecraft:creeper":1,"boh:jeff_the_killer":1,"minecraft:skeleton":1,"cave_dweller:cave_dweller":1},"minecraft:picked_up":{"minecraft:crafting_table":2,"minecraft:chicken":6,"regions_unexplored:larch_planks":16,"minecraft:clay_ball":20,"minecraft:amethyst_block":1,"born_in_chaos_v1:black_argillite":2,"minecraft:raw_copper":8,"minecraft:string":21,"minecraft:iron_leggings":1,"graveyard:corruption":1,"butchersdelight:cleaver":2,"immersiveengineering:raw_lead":10,"minecraft:cracked_stone_bricks":3,"quark:spruce_chest":1,"minecraft:cobbled_deepslate":2,"minecraft:cobblestone_slab":8,"regions_unexplored:larch_log":151,"minecraft:redstone_torch":1,"minecraft:calcite":2,"minecraft:sugar_cane":15,"minecraft:chest":2,"minecraft:birch_sapling":1,"minecraft:spruce_trapdoor":1,"minecraft:furnace":2,"minecraft:egg":4,"minecraft:stick":55,"minecraft:raw_iron":45,"minecraft:copper_ingot":4,"minecraft:torch":35,"minecraft:dried_kelp":26,"minecraft:diorite":104,"minecraft:redstone":2,"hexerei:sage_seed":1,"minecraft:arrow":7,"minecraft:rotten_flesh":11,"hexerei:herb_drying_rack":1,"minecraft:cobblestone":1093,"regions_unexplored:golden_larch_sapling":31,"minecraft:birch_log":9,"regions_unexplored:peat_dirt":76,"minecraft:feather":13,"minecraft:cooked_beef":10,"minecraft:andesite":137,"minecraft:black_bed":1,"minecraft:leather":1,"minecraft:potato":38,"minecraft:gunpowder":1,"minecraft:cobblestone_stairs":2,"butchersdelight:rack":1,"minecraft:lapis_lazuli":52,"minecraft:map":1,"minecraft:dirt":28,"butchersdelight:deadchiken":6,"minecraft:bone":9,"minecraft:stone_bricks":2,"minecraft:kelp":27,"minecraft:wheat_seeds":8,"minecraft:iron_ingot":1,"minecraft:cooked_chicken":4,"regions_unexplored:larch_sapling":14,"spore:mutated_fiber":4,"minecraft:mossy_stone_bricks":2,"minecraft:glowstone_dust":1,"hexerei:animal_fat":1,"minecraft:sand":24,"minecraft:gravel":2,"regions_unexplored:larch_door":3,"undead_unleashed:grave_metal_scrap":4,"minecraft:ink_sac":2,"minecraft:spider_eye":4,"immersiveengineering:seed":2,"minecraft:granite":100,"minecraft:emerald":14,"minecraft:bread":2,"butchersdelight:hook":1,"minecraft:baked_potato":8,"born_in_chaos_v1:rotten_fish":1,"minecraft:coal":57,"immersiveengineering:raw_silver":12},"minecraft:crafted":{"minecraft:stone_shovel":2,"minecraft:iron_nugget":9,"minecraft:furnace":3,"regions_unexplored:larch_planks":76,"minecraft:cobblestone_stairs":84,"minecraft:bone_meal":54,"butchersdelight:rack":1,"travelersbackpack:white_sleeping_bag":1,"regions_unexplored:larch_door":3,"minecraft:iron_boots":1,"butchersdelight:roaster":1,"minecraft:stone_pickaxe":13,"minecraft:chest":3,"minecraft:smoker":1,"butchersdelight:hook":1,"minecraft:crafting_table":1,"travelersbackpack:standard":1,"travelersbackpack:backpack_tank":3,"minecraft:wooden_pickaxe":1,"minecraft:iron_helmet":1,"hexerei:herb_drying_rack":1,"minecraft:birch_planks":36,"butchersdelight:cleaver":1,"minecraft:campfire":1,"minecraft:stone_axe":1,"minecraft:air":0,"minecraft:white_wool":3,"minecraft:iron_chestplate":3,"minecraft:shield":1,"minecraft:stick":28,"minecraft:iron_ingot":23,"minecraft:iron_pickaxe":1,"minecraft:wooden_axe":1,"minecraft:stone_sword":2,"regions_unexplored:larch_slab":6},"minecraft:killed":{"minecraft:cave_spider":9,"minecraft:witch":1,"minecraft:spider":2,"born_in_chaos_v1:maggot":1,"minecraft:skeleton":11,"minecraft:chicken":4,"born_in_chaos_v1:corpse_fish":1,"born_in_chaos_v1:baby_skeleton_2":1,"spore:inf_player":1,"minecraft:zombie_villager":1,"minecraft:creeper":6,"minecraft:squid":1,"spore:inf_villager":1,"minecraft:pillager":1,"minecraft:zombie":18,"undead_unleashed:haunter":1}},"DataVersion":3120}