{"stats":{"minecraft:crafted":{"minecraft:black_dye":2,"regions_unexplored:larch_fence":3,"minecraft:smooth_stone":6,"immersiveengineering:hammer":1,"quark:birch_chest":8,"minecraft:oak_pressure_plate":1,"regions_unexplored:maple_planks":264,"minecraft:birch_slab":132,"supplementaries:bamboo_spikes":110,"minecraft:lever":1,"minecraft:bookshelf":1,"butchersdelightfoods:cooked_leg_cow":5,"minecraft:cooked_mutton":12,"butchersdelight:rack":1,"minecraft:glass":40,"immersiveengineering:ingot_silver":7,"immersiveengineering:screwdriver":1,"minecraft:diamond_helmet":1,"minecraft:diamond_leggings":1,"minecraft:iron_door":6,"supplementaries:flute":2,"minecraft:diamond_axe":1,"travelersbackpack:standard":2,"minecraft:smithing_table":1,"minecraft:copper_ingot":84,"minecraft:cartography_table":1,"quark:oak_chest":9,"minecraft:compass":1,"minecraft:iron_pickaxe":6,"minecraft:gold_ingot":25,"quark:pickarang":1,"minecraft:iron_nugget":9,"minecraft:spyglass":1,"immersiveengineering:stick_iron":4,"minecraft:bone_meal":180,"butchersdelightfoods:cookedsheepshank":2,"travelersbackpack:blank_upgrade":4,"travelersbackpack:gold_tier_upgrade":1,"butchersdelightfoods:cookedbeefribs":10,"map_atlases:atlas":1,"travelersbackpack:white_sleeping_bag":1,"butchersdelight:roaster":2,"minecraft:ladder":8,"minecraft:stone_pickaxe":10,"minecraft:diamond_boots":1,"minecraft:redstone_block":15,"minecraft:wheat":81,"minecraft:coal_block":7,"minecraft:enchanting_table":1,"hexerei:herb_drying_rack":1,"minecraft:iron_shovel":1,"minecraft:iron_leggings":1,"minecraft:oak_planks":260,"minecraft:barrel":1,"immersiveengineering:plate_aluminum":4,"immersiveengineering:manual":1,"quark:birch_ladder":8,"regions_unexplored:larch_planks":36,"minecraft:cobblestone_stairs":8,"minecraft:stone":10,"minecraft:heavy_weighted_pressure_plate":5,"minecraft:iron_boots":1,"minecraft:bow":1,"regions_unexplored:larch_door":6,"minecraft:chest":5,"minecraft:copper_block":13,"minecraft:birch_button":2,"immersiveengineering:ingot_aluminum":13,"minecraft:smoker":1,"minecraft:item_frame":13,"travelersbackpack:iron_tier_upgrade":1,"minecraft:crafting_table":7,"minecraft:wooden_pickaxe":1,"minecraft:iron_helmet":1,"minecraft:birch_planks":252,"butchersdelight:cleaver":2,"butchersdelightfoods:cookedsheeprack":16,"minecraft:iron_chestplate":2,"minecraft:book":6,"minecraft:paper":18,"minecraft:diamond_pickaxe":1,"minecraft:charcoal":18,"minecraft:shield":1,"minecraft:light_weighted_pressure_plate":3,"minecraft:stick":96,"minecraft:iron_ingot":105,"minecraft:stone_sword":1,"minecraft:oak_door":3,"minecraft:redstone":5,"minecraft:coal":9,"minecraft:furnace":5,"minecraft:stone_button":4,"minecraft:blast_furnace":1,"regions_unexplored:larch_pressure_plate":7,"minecraft:oak_trapdoor":2,"minecraft:flint_and_steel":1,"minecraft:iron_axe":1,"immersiveengineering:wirecutter":1,"undead_unleashed:grave_metal_ingot":2,"travelersbackpack:diamond_tier_upgrade":1,"minecraft:diamond_sword":1,"butchersdelight:hook":2,"travelersbackpack:backpack_tank":6,"minecraft:iron_sword":1,"minecraft:bucket":1,"minecraft:stone_axe":1,"minecraft:bread":12,"minecraft:air":0,"butchersdelightfoods:cooked_sheeploin":16,"regions_unexplored:larch_slab":42,"minecraft:torch":112,"butchersdelightfoods:cookedporkloin":8,"minecraft:lapis_block":5,"minecraft:clay":1,"minecraft:diamond_chestplate":1},"minecraft:killed_by":{"minecraft:creeper":4,"spore:inf_player":3,"minecraft:player":1,"minecraft:skeleton":3},"minecraft:used":{"quark:cobblestone_bricks_slab":3,"minecraft:ladder":5,"minecraft:chest":6,"fantasyfurniture:royal/floor_light":2,"fantasyfurniture:dunmer/cushion":2,"quark:birch_ladder":7,"map_atlases:atlas":2,"minecraft:sweet_berries":22,"minecraft:furnace":8,"minecraft:potato":1,"butchersdelightfoods:cookedporkribs":12,"regions_unexplored:silver_birch_log":1,"minecraft:diorite":8,"minecraft:wooden_pickaxe":10,"minecraft:clay":1,"minecraft:golden_apple":2,"minecraft:sand":2,"minecraft:blast_furnace":2,"quark:paper_wall":35,"quark:cobblestone_bricks_wall":2,"aether:gingerbread_man":1,"minecraft:birch_slab":6,"fantasyfurniture:dunmer/carpet":6,"regions_unexplored:larch_stairs":4,"minecraft:stone_button":10,"supplementaries:clock_block":2,"fantasyfurniture:nordic/drawer":2,"minecraft:diamond_sword":357,"minecraft:smithing_table":2,"minecraft:birch_log":4,"supplementaries:bamboo_spikes":168,"supplementaries:soap":1,"minecraft:oak_trapdoor":2,"minecraft:enchanting_table":2,"minecraft:stone_sword":84,"butchersdelightfoods:cookedporkloin":7,"minecraft:cooked_salmon":2,"minecraft:stick":5,"minecraft:torch":149,"fantasyfurniture:royal/chandelier":6,"regions_unexplored:larch_fence":5,"minecraft:iron_axe":151,"minecraft:light_weighted_pressure_plate":7,"minecraft:barrel":1,"minecraft:bamboo":86,"fantasyfurniture:dunmer/wall_light":10,"hexerei:herb_drying_rack":5,"minecraft:cobbled_deepslate":78,"minecraft:water_bucket":5,"minecraft:birch_planks":1,"quark:cobblestone_bricks":12,"minecraft:cartography_table":1,"minecraft:crafting_table":14,"minecraft:campfire":1,"minecraft:oak_log":1,"minecraft:diamond_pickaxe":293,"quark:pickarang":209,"minecraft:suspicious_stew":1,"minecraft:iron_pickaxe":784,"travelersbackpack:white_sleeping_bag":1,"minecraft:spruce_trapdoor":2,"fantasyfurniture:furniture_station":2,"fantasyfurniture:decorations/venthyr_banner":2,"minecraft:cobblestone":92,"travelersbackpack:standard":5,"minecraft:purple_bed":2,"minecraft:cooked_porkchop":3,"quark:oak_chest":11,"minecraft:candle":1,"minecraft:iron_shovel":245,"minecraft:polished_deepslate":3,"minecraft:shield":46,"butchersdelight:hook":13,"undead_unleashed:grave_metal_sword":102,"butchersdelightfoods:cookedbeefribs":6,"fantasyfurniture:royal/oven":2,"minecraft:obsidian":11,"fantasyfurniture:nordic/bookshelf":4,"minecraft:lantern":15,"minecraft:item_frame":21,"fantasyfurniture:royal/table_wide":6,"minecraft:birch_button":4,"minecraft:golden_sword":9,"minecraft:stone_pickaxe":1198,"minecraft:oak_planks":33,"minecraft:diamond_axe":650,"minecraft:sugar_cane":14,"fantasyfurniture:dunmer/bed_double":1,"minecraft:black_banner":4,"minecraft:black_bed":3,"regions_unexplored:larch_slab":125,"minecraft:heavy_weighted_pressure_plate":11,"minecraft:bread":20,"butchersdelight:roaster":3,"minecraft:iron_door":19,"minecraft:gravel":5,"regions_unexplored:larch_pressure_plate":9,"butchersdelightfoods:cooked_ham":3,"regions_unexplored:larch_door":10,"minecraft:cooked_rabbit":1,"minecraft:andesite":14,"minecraft:bone_meal":181,"butchersdelightfoods:cooked_sheeploin":11,"quark:birch_chest":4,"minecraft:flint_and_steel":4,"minecraft:cooked_chicken":2,"butchersdelightfoods:cooked_leg_cow":6,"minecraft:oak_door":1,"regions_unexplored:maple_planks":93,"minecraft:dirt":18,"minecraft:spyglass":8,"fantasyfurniture:royal/chair":6,"minecraft:bookshelf":1,"minecraft:cooked_mutton":14,"minecraft:cobblestone_stairs":12,"minecraft:baked_potato":11,"regions_unexplored:peat_dirt":112,"drinkbeer:beer_mug":2,"minecraft:smoker":2,"hexerei:witch_hazel_broom":7,"regions_unexplored:larch_log":1,"minecraft:stone_axe":127,"butchersdelightfoods:cookedsheeprack":16,"biomancy:flesh_spike":1,"fantasyfurniture:royal/wardrobe_bottom":3,"minecraft:bucket":10,"regions_unexplored:maple_log":1,"butchersdelight:rack":2},"minecraft:picked_up":{"regions_unexplored:pointed_redstone":1,"minecraft:iron_chestplate":2,"butchersdelightfoods:legcow":8,"regions_unexplored:larch_planks":31,"minecraft:smithing_table":1,"minecraft:diamond_sword":7,"regions_unexplored:silt_dirt":11,"butchersdelightfoods:cooked_ham":8,"minecraft:birch_button":3,"minecraft:polished_deepslate":15,"minecraft:amethyst_block":46,"minecraft:string":20,"minecraft:soul_soil":4,"minecraft:cooked_salmon":2,"butchersdelightfoods:goat_loin":1,"minecraft:gold_nugget":16,"minecraft:cobbled_deepslate":326,"minecraft:spruce_planks":2,"undead_unleashed:grave_metal_sword":5,"regions_unexplored:larch_log":303,"minecraft:coal_block":6,"regions_unexplored:yellow_bioshroom_block":3,"minecraft:rabbit_foot":1,"minecraft:cauldron":2,"minecraft:black_dye":2,"minecraft:stone_sword":1,"supplementaries:ash":1,"minecraft:snowball":16,"minecraft:birch_log":76,"butchersdelightfoods:beeftenderloin":8,"minecraft:feather":10,"minecraft:cooked_beef":5,"minecraft:iron_door":17,"minecraft:birch_slab":8,"minecraft:brown_wool":1,"minecraft:copper_block":13,"minecraft:smoker":1,"supplementaries:soap":1,"minecraft:flint":1,"butchersdelight:deadpig":19,"butchersdelightfoods:cookedporkloin":8,"minecraft:lantern":15,"butchersdelightfoods:cookedsheeprack":6,"quark:cobblestone_bricks_slab":3,"minecraft:rabbit":1,"butchersdelightfoods:goat_shank":1,"hexerei:animal_fat":21,"butchersdelight:skullcow":10,"butchersdelightfoods:porkloin":14,"regions_unexplored:larch_slab":145,"minecraft:ink_sac":8,"quark:cobblestone_bricks_wall":6,"quark:birch_ladder":1,"supplementaries:bamboo_spikes":60,"minecraft:granite":121,"minecraft:jack_o_lantern":5,"born_in_chaos_v1:rotten_fish":10,"minecraft:crafting_table":8,"minecraft:coarse_dirt":2,"minecraft:clay_ball":140,"minecraft:heavy_weighted_pressure_plate":10,"regions_unexplored:larch_fence_gate":1,"hexerei:witch_hazel_broom":7,"regions_unexplored:orange_maple_sapling":24,"butchersdelight:dead_cow":7,"butchersdelight:deadrabbitbrown":6,"undead_unleashed:grave_metal_ingot":3,"minecraft:cracked_stone_bricks":3,"minecraft:beef":8,"regions_unexplored:maple_leaf_pile":1,"born_in_chaos_v1:gnawed_bones":1,"minecraft:iron_nugget":7,"minecraft:chest":7,"minecraft:birch_sapling":12,"minecraft:egg":2,"cotw:witherstone":3,"minecraft:redstone":157,"butchersdelightfoods:cooked_leg_cow":3,"minecraft:tnt":1,"regions_unexplored:purple_coneflower":6,"butchersdelight:deadsheep":15,"minecraft:stone_shovel":2,"butchersdelightfoods:coockedbeeftenderloin":2,"minecraft:hay_block":9,"butchersdelightfoods:sheeprack":12,"minecraft:gold_ingot":10,"butchersdelight:roaster":1,"minecraft:mutton":25,"minecraft:rail":10,"minecraft:white_wool":42,"minecraft:stripped_oak_log":1,"born_in_chaos_v1:monster_flesh":2,"minecraft:red_mushroom_block":32,"minecraft:oak_log":108,"butchersdelightfoods:goatrack":1,"regions_unexplored:red_maple_sapling":3,"fantasyfurniture:dunmer/carpet":6,"minecraft:blue_bed":2,"butchersdelight:deadchiken":3,"minecraft:apple":6,"minecraft:stone_bricks":3,"minecraft:kelp":4,"minecraft:stone_pickaxe":2,"regions_unexplored:larch_sapling":41,"spore:mutated_fiber":6,"minecraft:glass_bottle":1,"immersiveengineering:ingot_silver":7,"regions_unexplored:silver_birch_sapling":5,"minecraft:smooth_basalt":10,"minecraft:sweet_berries":13,"regions_unexplored:oak_shrub":2,"minecraft:gravel":53,"minecraft:spruce_sapling":18,"minecraft:spruce_log":29,"quark:cobblestone_bricks":7,"minecraft:purple_bed":3,"immersiveengineering:seed":12,"minecraft:stone_axe":1,"minecraft:baked_potato":25,"regions_unexplored:stripped_maple_log":1,"minecraft:redstone_block":15,"regions_unexplored:maple_planks":7,"minecraft:stone_brick_stairs":3,"minecraft:lapis_block":5,"minecraft:raw_copper":129,"minecraft:iron_leggings":1,"minecraft:smooth_stone":3,"minecraft:light_weighted_pressure_plate":7,"minecraft:rose_bush":18,"minecraft:redstone_torch":2,"minecraft:cobblestone_slab":1,"minecraft:calcite":6,"minecraft:iron_boots":2,"minecraft:furnace":6,"minecraft:stick":299,"minecraft:torch":95,"minecraft:porkchop":14,"minecraft:dried_kelp":1,"minecraft:diorite":268,"fantasyfurniture:furniture_station":1,"minecraft:rotten_flesh":48,"butchersdelightfoods:ham":14,"hexerei:herb_drying_rack":4,"minecraft:obsidian":16,"minecraft:cobblestone":1398,"regions_unexplored:golden_larch_sapling":52,"minecraft:enchanting_table":1,"minecraft:andesite":207,"minecraft:black_bed":2,"minecraft:potato":14,"map_atlases:atlas":3,"minecraft:tuff":27,"supplementaries:flute":1,"supplementaries:flax_seeds":2,"minecraft:dirt":128,"butchersdelight:goat_fur":1,"minecraft:lapis_lazuli":103,"born_in_chaos_v1:monster_skin":1,"minecraft:bone":37,"butchersdelightfoods:cookedbeefribs":2,"minecraft:wheat_seeds":10,"minecraft:raw_gold":16,"minecraft:grindstone":1,"immersiveengineering:plate_aluminum":4,"regions_unexplored:larch_trapdoor":5,"regions_unexplored:larch_shrub":4,"minecraft:bamboo":621,"minecraft:oak_planks":36,"minecraft:stone_hoe":2,"regions_unexplored:larch_stairs":5,"spore:cerebrum":2,"minecraft:cooked_porkchop":5,"hexerei:sage":6,"immersiveengineering:raw_aluminum":27,"regions_unexplored:larch_door":6,"butchersdelight:cow_hide":8,"minecraft:sand":57,"butchersdelightfoods:beefribs":8,"travelersbackpack:white_sleeping_bag":1,"regions_unexplored:cattail":1,"minecraft:diamond":74,"minecraft:bone_meal":2,"minecraft:golden_apple":2,"butchersdelightfoods:sheepshank":12,"minecraft:oak_sapling":6,"butchersdelight:hook":6,"minecraft:netherrack":25,"regions_unexplored:larch_fence":39,"minecraft:charcoal":6,"regions_unexplored:mycotoxic_grass":5,"minecraft:chicken":5,"minecraft:ladder":10,"minecraft:cooked_rabbit":1,"minecraft:shield":2,"immersiveengineering:ingot_aluminum":9,"minecraft:oak_trapdoor":1,"minecraft:item_frame":9,"butchersdelightfoods:cookedporkribs":18,"butchersdelightfoods:sheeploin":26,"minecraft:candle":6,"minecraft:sugar_cane":59,"butchersdelightfoods:porkribs":14,"minecraft:spruce_trapdoor":2,"minecraft:raw_iron":103,"regions_unexplored:silver_birch_leaf_pile":6,"minecraft:copper_ingot":5,"minecraft:stone_button":6,"quark:birch_chest":4,"hexerei:sage_seed":12,"minecraft:arrow":18,"regions_unexplored:maple_sapling":3,"fantasyfurniture:royal/wardrobe_bottom":1,"minecraft:black_banner":1,"regions_unexplored:peat_dirt":182,"minecraft:salmon":4,"minecraft:leather":11,"regions_unexplored:orange_maple_shrub":1,"minecraft:birch_planks":1,"minecraft:gunpowder":30,"minecraft:cobblestone_stairs":8,"butchersdelight:rack":2,"minecraft:cooked_mutton":6,"quark:music_disc_crickets":1,"boh:kindness_flower":12,"minecraft:rabbit_hide":1,"minecraft:iron_ingot":12,"minecraft:cooked_chicken":5,"supplementaries:gold_gate":2,"quark:pickarang":1,"minecraft:book":3,"minecraft:quartz":46,"minecraft:amethyst_shard":19,"undead_unleashed:grave_metal_scrap":43,"minecraft:blast_furnace":2,"quark:oak_chest":10,"minecraft:spider_eye":5,"supplementaries:clock_block":1,"butchersdelight:sheephide":21,"biomancy:flesh_spike":1,"minecraft:iron_helmet":1,"regions_unexplored:silver_birch_log":31,"regions_unexplored:larch_pressure_plate":6,"regions_unexplored:maple_log":90,"minecraft:coal":234},"minecraft:killed":{"minecraft:skeleton":15,"minecraft:chicken":3,"spore:inf_player":1,"minecraft:salmon":3,"minecraft:pillager":1,"minecraft:zombie":12,"minecraft:cow":6,"tenebrous_lands:eynelvoonge":1,"graveyard:ghoul":1,"minecraft:rabbit":7,"born_in_chaos_v1:decrepit_skeleton":1,"cotw:harvester":1,"boh:jeff_the_killer":3,"minecraft:witch":1,"graveyard:skeleton_creeper":1,"minecraft:spider":11,"minecraft:pig":15,"born_in_chaos_v1:wither_scuttler":1,"minecraft:creeper":15,"minecraft:sheep":14,"spore:inf_human":1,"undead_unleashed:shadewraith":1,"born_in_chaos_v1:dread_hound":2,"undead_unleashed:haunter":3,"graveyard:revenant":1,"born_in_chaos_v1:zombie_bruiser":1,"minecraft:drowned":16,"born_in_chaos_v1:corpse_fish":1,"minecraft:squid":3,"spore:inf_pillager":1,"difficult_spawners:evil_spirit":2},"minecraft:broken":{"minecraft:golden_sword":1,"supplementaries:flute":2,"undead_unleashed:grave_metal_sword":1,"minecraft:shield":1,"minecraft:iron_pickaxe":3,"minecraft:stone_pickaxe":9},"minecraft:mined":{"regions_unexplored:yellow_bioshroom_block":3,"minecraft:carved_pumpkin":1,"minecraft:obsidian":16,"regions_unexplored:cattail":1,"minecraft:granite":60,"fantasyfurniture:bone/wither/bed_single":1,"minecraft:spawner":1,"minecraft:tall_seagrass":4,"regions_unexplored:stone_bud":1,"minecraft:fire":1,"minecraft:deepslate_lapis_ore":4,"minecraft:enchanting_table":1,"regions_unexplored:maple_leaf_pile":2,"regions_unexplored:silt_grass_block":2,"minecraft:kelp_plant":1,"minecraft:smoker":1,"minecraft:soul_fire":1,"minecraft:amethyst_cluster":2,"minecraft:torch":16,"minecraft:blast_furnace":2,"regions_unexplored:peat_grass_block":47,"minecraft:sugar_cane":24,"minecraft:amethyst_block":23,"minecraft:black_bed":3,"minecraft:stone_brick_stairs":1,"minecraft:grass":41,"quark:birch_chest":4,"butchersdelight:hook":6,"regions_unexplored:oak_shrub":2,"minecraft:birch_button":2,"minecraft:smooth_basalt":11,"realmrpg_skeletons:mushroomer_skeleton":1,"minecraft:deepslate":323,"spore:remains":1,"supplementaries:clock_block":1,"minecraft:jack_o_lantern":3,"butchersdelight:deadsheepblock":1,"regions_unexplored:maple_leaves":2,"minecraft:redstone_ore":32,"supplementaries:bamboo_spikes":37,"minecraft:snow":22,"regions_unexplored:larch_slab":72,"minecraft:andesite":120,"regions_unexplored:larch_pressure_plate":2,"minecraft:potatoes":1,"minecraft:bamboo_sapling":1,"minecraft:bamboo":116,"fantasyfurniture:royal/wardrobe_bottom":1,"immersiveengineering:ore_aluminum":13,"supplementaries:wall_lantern":7,"minecraft:smithing_table":1,"quark:oak_chest":10,"supplementaries:gold_gate":2,"boh:kindness_flower":6,"minecraft:campfire":3,"minecraft:tall_grass":4,"minecraft:copper_ore":35,"minecraft:diorite":138,"minecraft:purple_bed":3,"deep_dark_regrowth:sculk_moss":1,"minecraft:birch_leaves":1,"minecraft:gravel":30,"minecraft:cobweb":10,"minecraft:stone_bricks":1,"minecraft:gold_ore":16,"regions_unexplored:maple_planks":7,"regions_unexplored:maple_log":14,"minecraft:cobblestone_stairs":8,"minecraft:spruce_trapdoor":2,"minecraft:budding_amethyst":4,"minecraft:grass_block":18,"quark:cobblestone_bricks_wall":6,"regions_unexplored:larch_stairs":2,"minecraft:iron_ore":103,"supplementaries:stick":2,"regions_unexplored:larch_log":7,"minecraft:deepslate_redstone_ore":1,"hexerei:herb_drying_rack":4,"regions_unexplored:stripped_maple_log":1,"spore:growths_big":2,"minecraft:clay":36,"quark:cobblestone_bricks":3,"undead_unleashed:grave_soil":2,"minecraft:calcite":7,"minecraft:chest":6,"supplementaries:wild_flax":2,"minecraft:nether_quartz_ore":32,"minecraft:cobblestone":45,"minecraft:grindstone":1,"minecraft:oak_planks":13,"minecraft:iron_door":16,"minecraft:wall_torch":54,"minecraft:cauldron":1,"minecraft:seagrass":5,"minecraft:light_weighted_pressure_plate":7,"realmrpg_skeletons:bow_skeleton":2,"minecraft:birch_log":24,"regions_unexplored:larch_fence":47,"fantasyfurniture:dunmer/carpet":6,"quark:birch_ladder":1,"minecraft:oak_log":100,"regions_unexplored:peat_dirt":34,"minecraft:sand":57,"minecraft:dirt":50,"minecraft:netherrack":15,"minecraft:oak_leaves":4,"biomancy:flesh_spike":1,"minecraft:tuff":27,"minecraft:deepslate_diamond_ore":55,"minecraft:candle":3,"butchersdelight:rack":2,"fantasyfurniture:furniture_station":1,"minecraft:glow_lichen":1,"minecraft:ladder":4,"minecraft:stone_button":6,"minecraft:black_banner":1,"travelersbackpack:white_sleeping_bag":1,"minecraft:soul_campfire":1,"minecraft:birch_slab":12,"minecraft:large_fern":1,"minecraft:hay_block":9,"regions_unexplored:larch_door":7,"minecraft:oak_trapdoor":1,"minecraft:furnace":6,"minecraft:heavy_weighted_pressure_plate":9,"treechop:chopped_log":34,"regions_unexplored:frozen_grass":4,"minecraft:polished_deepslate":6,"minecraft:bookshelf":1,"minecraft:lantern":8,"minecraft:stripped_oak_log":1,"regions_unexplored:medium_grass":40,"minecraft:stone":858,"regions_unexplored:mycotoxic_moss":12,"regions_unexplored:larch_trapdoor":1,"minecraft:crafting_table":8,"minecraft:rose_bush":9,"regions_unexplored:peat_mud":4,"quark:cobblestone_bricks_slab":3,"minecraft:lapis_ore":8,"minecraft:blue_bed":2,"minecraft:birch_planks":1,"minecraft:redstone_torch":1,"minecraft:sweet_berry_bush":9,"regions_unexplored:larch_fence_gate":1,"minecraft:coal_ore":187,"minecraft:cracked_stone_bricks":1,"regions_unexplored:larch_shrub":3},"minecraft:dropped":{"quark:pickarang":2,"minecraft:iron_sword":1,"butchersdelight:dead_cow":1,"cotw:witherstone":2,"map_atlases:atlas":4,"undead_unleashed:grave_metal_scrap":3,"minecraft:item_frame":1,"butchersdelightfoods:cookedsheeprack":6,"regions_unexplored:purple_coneflower":6,"minecraft:jack_o_lantern":1,"regions_unexplored:golden_larch_sapling":50,"minecraft:iron_pickaxe":2,"hexerei:sage":3,"minecraft:bone":10,"minecraft:stone_axe":1,"minecraft:sugar_cane":27,"minecraft:cobbled_deepslate":192,"butchersdelight:deadsheep":3,"minecraft:birch_sapling":1,"butchersdelight:cleaver":1,"minecraft:obsidian":1,"butchersdelightfoods:cookedporkribs":2,"regions_unexplored:larch_fence":4,"butchersdelightfoods:cookedbeefribs":4,"minecraft:ladder":3,"minecraft:stone_brick_stairs":2,"minecraft:iron_ingot":2,"minecraft:black_dye":2,"minecraft:wheat_seeds":14,"supplementaries:bamboo_spikes":10,"butchersdelightfoods:coockedbeeftenderloin":1,"minecraft:iron_helmet":2,"minecraft:cobblestone":223,"quark:paper_wall":30,"minecraft:coal":9,"minecraft:dried_kelp":1,"minecraft:string":6,"regions_unexplored:larch_log":215,"hexerei:sage_seed":1,"minecraft:soul_soil":1,"minecraft:stone_sword":1,"minecraft:stone_shovel":3,"born_in_chaos_v1:rotten_fish":1,"butchersdelightfoods:cooked_sheeploin":5,"minecraft:iron_boots":3,"undead_unleashed:grave_metal_sword":4,"regions_unexplored:larch_slab":10,"minecraft:pumpkin_seeds":4,"minecraft:diamond_sword":6,"minecraft:potato":5,"butchersdelight:deadrabbitbrown":1,"minecraft:diamond_pickaxe":1,"minecraft:redstone_torch":1,"minecraft:spider_eye":1,"minecraft:bamboo":109,"supplementaries:flute":2,"minecraft:birch_planks":84,"butchersdelightfoods:cooked_ham":4,"minecraft:baked_potato":5,"regions_unexplored:larch_planks":63,"minecraft:leather":2,"fantasyfurniture:bone/wither/bed_single":1,"hexerei:witch_hazel_broom":1,"minecraft:birch_slab":2,"butchersdelightfoods:cookedporkloin":5,"butchersdelightfoods:cooked_leg_cow":2,"supplementaries:regions_unexplored/sign_post_magnolia":1,"regions_unexplored:larch_pressure_plate":6,"regions_unexplored:larch_sapling":29,"minecraft:cooked_mutton":9,"regions_unexplored:mycotoxic_grass":5,"regions_unexplored:cattail":1,"minecraft:chest":1,"minecraft:quartz":46,"immersiveengineering:seed":2,"minecraft:stone_hoe":1,"minecraft:stick":82,"butchersdelight:skullcow":2,"minecraft:torch":31,"tarotcards:wheel_of_fortune":1,"minecraft:iron_leggings":2,"minecraft:iron_axe":1,"minecraft:polished_deepslate":9,"regions_unexplored:larch_shrub":2,"minecraft:oak_trapdoor":1,"regions_unexplored:larch_trapdoor":5,"butchersdelightfoods:cookedsheepshank":16,"minecraft:iron_chestplate":3,"minecraft:stone_pickaxe":3,"fantasyfurniture:bone/wither/bed_double":1},"minecraft:custom":{"minecraft:interact_with_crafting_table":198,"minecraft:leave_game":10,"minecraft:time_since_death":41790,"minecraft:damage_blocked_by_shield":2860,"minecraft:play_time":822542,"minecraft:deaths":13,"minecraft:jump":9618,"minecraft:interact_with_furnace":61,"minecraft:interact_with_cartography_table":8,"minecraft:damage_dealt":23653,"minecraft:interact_with_smoker":29,"minecraft:interact_with_smithing_table":6,"minecraft:sneak_time":64735,"minecraft:interact_with_blast_furnace":32,"minecraft:total_world_time":822542,"minecraft:time_since_rest":41842,"minecraft:swim_one_cm":115430,"minecraft:fly_one_cm":1924920,"minecraft:open_chest":1177,"minecraft:fall_one_cm":187528,"minecraft:sprint_one_cm":1429615,"minecraft:drop":219,"minecraft:walk_on_water_one_cm":134328,"minecraft:player_kills":1,"minecraft:crouch_one_cm":236027,"minecraft:mob_kills":156,"minecraft:interact_with_campfire":58,"minecraft:climb_one_cm":66719,"minecraft:walk_one_cm":2004985,"minecraft:walk_under_water_one_cm":60292,"minecraft:damage_taken":11179,"minecraft:damage_absorbed":80}},"DataVersion":3120}