{"stats":{"minecraft:crafted":{"minecraft:black_dye":2,"regions_unexplored:larch_fence":3,"minecraft:smooth_stone":6,"immersiveengineering:hammer":1,"quark:birch_chest":8,"minecraft:oak_pressure_plate":1,"regions_unexplored:maple_planks":264,"minecraft:birch_slab":132,"supplementaries:bamboo_spikes":172,"minecraft:diamond_shovel":1,"minecraft:lever":1,"minecraft:nether_brick":63,"minecraft:bookshelf":1,"butchersdelightfoods:cooked_leg_cow":5,"minecraft:cooked_mutton":12,"immersiveengineering:stick_steel":8,"immersiveengineering:workbench":1,"butchersdelight:rack":1,"immersiveengineering:toolupgrade_railgun_scope":1,"minecraft:glass":492,"immersiveengineering:ingot_silver":7,"immersiveengineering:screwdriver":1,"minecraft:diamond_helmet":1,"minecraft:diamond_leggings":1,"regions_unexplored:brimwood_door":3,"minecraft:iron_door":6,"immersiveengineering:nugget_copper":9,"supplementaries:flute":2,"minecraft:diamond_axe":2,"travelersbackpack:standard":2,"immersiveengineering:slab_treated_wood_horizontal":6,"minecraft:smithing_table":1,"butchersdelightfoods:cooked_goat_loin":6,"minecraft:clock":3,"quark:glass_item_frame":24,"minecraft:copper_ingot":126,"minecraft:cartography_table":1,"immersiveengineering:gunpart_hammer":1,"immersiveengineering:gunpart_drum":1,"quark:oak_chest":9,"minecraft:compass":1,"minecraft:iron_pickaxe":6,"minecraft:iron_block":21,"minecraft:gold_ingot":32,"quark:pickarang":1,"immersiveengineering:wirecoil_copper":4,"minecraft:smooth_stone_slab":6,"minecraft:iron_nugget":18,"minecraft:spyglass":1,"immersiveengineering:turntable":1,"immersiveengineering:stick_iron":4,"minecraft:bone_meal":243,"butchersdelightfoods:cookedsheepshank":2,"immersiveengineering:revolver":1,"travelersbackpack:blank_upgrade":4,"butchersdelightfoods:cookedbeefribs":10,"travelersbackpack:gold_tier_upgrade":1,"map_atlases:atlas":1,"travelersbackpack:white_sleeping_bag":1,"butchersdelight:roaster":2,"minecraft:ladder":8,"immersiveengineering:coil_lv":1,"minecraft:stone_pickaxe":10,"minecraft:diamond_boots":1,"immersiveengineering:treated_fence":3,"minecraft:redstone_block":15,"quark:spruce_chest":3,"minecraft:wheat":81,"minecraft:coal_block":10,"immersiveengineering:rs_engineering":4,"minecraft:enchanting_table":1,"regions_unexplored:larch_trapdoor":40,"hexerei:herb_drying_rack":2,"immersiveengineering:blueprint":1,"minecraft:iron_shovel":1,"minecraft:iron_leggings":1,"minecraft:armor_stand":2,"minecraft:brick":60,"immersiveengineering:component_steel":1,"minecraft:oak_planks":264,"minecraft:barrel":1,"immersiveengineering:plate_aluminum":4,"immersiveengineering:manual":1,"quark:birch_ladder":8,"regions_unexplored:larch_planks":1240,"minecraft:cobblestone_stairs":8,"minecraft:stone":13,"immersiveengineering:sheetmetal_iron":4,"minecraft:heavy_weighted_pressure_plate":5,"supplementaries:hourglass":1,"immersiveengineering:gunpart_barrel":1,"minecraft:hopper":8,"minecraft:iron_boots":1,"minecraft:bow":1,"regions_unexplored:larch_door":6,"immersiveengineering:toolupgrade_revolver_magazine":1,"minecraft:chest":6,"immersiveengineering:ingot_steel":18,"immersiveengineering:treated_wood_horizontal":16,"minecraft:copper_block":13,"regions_unexplored:brimwood_pressure_plate":2,"immersiveengineering:plate_steel":2,"immersiveengineering:wooden_grip":1,"minecraft:birch_button":2,"immersiveengineering:ingot_aluminum":13,"minecraft:smoker":1,"regions_unexplored:larch_boat":4,"minecraft:item_frame":25,"travelersbackpack:iron_tier_upgrade":1,"minecraft:crafting_table":10,"minecraft:spruce_planks":16,"minecraft:wooden_pickaxe":1,"minecraft:iron_helmet":1,"immersiveengineering:wire_copper":8,"immersiveengineering:cokebrick":30,"butchersdelight:cleaver":3,"minecraft:birch_planks":256,"butchersdelightfoods:cookedsheeprack":16,"regions_unexplored:larch_sign":12,"minecraft:book":6,"minecraft:iron_chestplate":2,"minecraft:paper":18,"minecraft:diamond_pickaxe":2,"minecraft:charcoal":156,"immersiveengineering:blastbrick":30,"minecraft:shield":1,"minecraft:light_weighted_pressure_plate":3,"minecraft:stick":100,"minecraft:iron_ingot":177,"minecraft:stone_sword":1,"immersiveengineering:stick_treated":16,"immersiveengineering:plate_copper":8,"minecraft:oak_door":3,"immersiveengineering:crate":1,"minecraft:redstone":23,"minecraft:coal":9,"minecraft:furnace":5,"minecraft:stone_button":4,"minecraft:blast_furnace":1,"regions_unexplored:larch_pressure_plate":7,"minecraft:oak_trapdoor":2,"minecraft:glass_pane":112,"minecraft:flint_and_steel":1,"immersiveengineering:toolbox":1,"minecraft:iron_axe":2,"immersiveengineering:wirecutter":1,"immersiveengineering:component_iron":1,"undead_unleashed:grave_metal_ingot":2,"travelersbackpack:diamond_tier_upgrade":1,"minecraft:minecart":1,"immersiveengineering:hempcrete":60,"minecraft:cooked_beef":6,"minecraft:red_dye":2,"minecraft:diamond_sword":1,"butchersdelight:hook":2,"immersiveengineering:voltmeter":1,"travelersbackpack:backpack_tank":6,"minecraft:iron_sword":1,"minecraft:bucket":1,"minecraft:stone_axe":1,"minecraft:air":0,"minecraft:bread":12,"minecraft:blue_dye":11,"butchersdelightfoods:cooked_sheeploin":16,"minecraft:stonecutter":1,"minecraft:anvil":1,"immersiveengineering:plate_iron":8,"regions_unexplored:larch_slab":1459,"supplementaries:clock_block":3,"minecraft:torch":112,"butchersdelightfoods:cookedporkloin":8,"minecraft:clay":1,"minecraft:lapis_block":5,"minecraft:diamond_chestplate":1,"immersiveengineering:craftingtable":1},"minecraft:killed_by":{"minecraft:vindicator":1,"minecraft:vex":4,"minecraft:creeper":4,"spore:inf_player":3,"minecraft:player":1,"minecraft:enderman":1,"minecraft:skeleton":5},"minecraft:used":{"minecraft:jack_o_lantern":22,"immersiveengineering:hempcrete":49,"quark:cobblestone_bricks_slab":11,"minecraft:ladder":5,"regions_unexplored:brimwood_door":2,"minecraft:chest":26,"regions_unexplored:peat_grass_block":336,"minecraft:soul_sand":4,"fantasyfurniture:royal/floor_light":4,"undead_unleashed:grave_metal_axe":20,"immersiveengineering:treated_wood_horizontal":1,"fantasyfurniture:dunmer/cushion":2,"quark:birch_ladder":7,"immersiveengineering:rs_engineering":7,"minecraft:villager_spawn_egg":9,"fantasyfurniture:bone/skeleton/chandelier":4,"minecraft:dark_oak_slab":2,"map_atlases:atlas":4,"endlessbiomes:penumbra_door":2,"minecraft:sweet_berries":22,"minecraft:furnace":8,"minecraft:potato":161,"butchersdelightfoods:cooked_goat_loin":1,"butchersdelightfoods:cookedporkribs":16,"regions_unexplored:silver_birch_log":1,"minecraft:diorite":8,"butchersdelightfoods:coockedbeeftenderloin":6,"minecraft:powered_rail":7,"minecraft:wooden_pickaxe":10,"minecraft:composter":2,"minecraft:clay":1,"minecraft:golden_apple":3,"minecraft:sand":11,"minecraft:blast_furnace":2,"minecraft:blue_ice":3,"quark:paper_wall":35,"quark:cobblestone_bricks_wall":5,"immersiveengineering:hammer":3,"minecraft:birch_slab":7,"aether:gingerbread_man":1,"fantasyfurniture:dunmer/carpet":6,"minecraft:stone_button":31,"regions_unexplored:larch_stairs":4,"supplementaries:clock_block":5,"fantasyfurniture:nordic/drawer":2,"minecraft:diamond_sword":378,"minecraft:smithing_table":2,"minecraft:birch_log":4,"supplementaries:bamboo_spikes":1056,"supplementaries:soap":1,"minecraft:oak_trapdoor":7,"minecraft:enchanting_table":2,"minecraft:stone_sword":84,"butchersdelightfoods:cookedporkloin":9,"minecraft:armor_stand":2,"minecraft:cooked_salmon":2,"minecraft:netherrack":98,"minecraft:stick":13,"minecraft:torch":330,"minecraft:anvil":1,"fantasyfurniture:royal/chandelier":6,"born_in_chaos_v1:scorched_planks_slab":13,"regions_unexplored:larch_fence":5,"immersiveengineering:workbench":1,"minecraft:light_weighted_pressure_plate":7,"minecraft:iron_axe":446,"minecraft:barrel":1,"minecraft:bamboo":178,"minecraft:iron_trapdoor":20,"fantasyfurniture:dunmer/wall_light":10,"hexerei:herb_drying_rack":7,"minecraft:cobbled_deepslate":78,"minecraft:water_bucket":53,"regions_unexplored:mauve_door":1,"minecraft:birch_planks":1,"quark:cobblestone_bricks":13,"minecraft:cartography_table":1,"minecraft:rail":103,"minecraft:crafting_table":16,"minecraft:campfire":1,"immersiveengineering:turret_gun":13,"quark:glass_item_frame":23,"minecraft:oak_log":1,"minecraft:diamond_pickaxe":816,"minecraft:diamond_shovel":2717,"quark:bamboo_sign":1,"quark:pickarang":949,"minecraft:iron_pickaxe":948,"travelersbackpack:white_sleeping_bag":1,"minecraft:suspicious_stew":1,"minecraft:spruce_trapdoor":2,"fantasyfurniture:furniture_station":2,"fantasyfurniture:decorations/venthyr_banner":2,"travelersbackpack:standard":12,"minecraft:cobblestone":900,"minecraft:purple_bed":2,"minecraft:cooked_porkchop":15,"quark:oak_chest":11,"minecraft:kelp":44,"regions_unexplored:larch_sign":20,"immersiveengineering:wirecutter":1,"minecraft:candle":1,"supplementaries:hourglass":1,"minecraft:iron_shovel":248,"minecraft:polished_deepslate":3,"immersiveengineering:seed":26,"minecraft:bone_block":1,"minecraft:shield":68,"butchersdelight:hook":13,"minecraft:iron_sword":194,"undead_unleashed:grave_metal_sword":102,"butchersdelightfoods:cookedbeefribs":6,"minecraft:iron_chestplate":1,"fantasyfurniture:royal/oven":2,"immersiveengineering:cokebrick":54,"minecraft:obsidian":21,"minecraft:glass":602,"fantasyfurniture:nordic/bookshelf":4,"minecraft:lantern":15,"fantasyfurniture:venthyr/wardrobe_bottom":1,"butchersdelightfoods:cooked_goat_rack":1,"minecraft:hopper_minecart":21,"minecraft:item_frame":21,"minecraft:golden_sword":9,"fantasyfurniture:royal/table_wide":6,"minecraft:birch_button":9,"minecraft:repeater":9,"minecraft:magma_block":5,"minecraft:scaffolding":59,"minecraft:stone_pickaxe":1198,"minecraft:oak_planks":37,"minecraft:sugar_cane":14,"minecraft:diamond_axe":1400,"fantasyfurniture:dunmer/bed_double":1,"minecraft:black_banner":4,"regions_unexplored:redwood_door":2,"minecraft:cobbled_deepslate_stairs":1,"regions_unexplored:brimwood_pressure_plate":2,"minecraft:black_bed":3,"regions_unexplored:larch_slab":1150,"minecraft:sticky_piston":52,"minecraft:redstone_torch":31,"minecraft:lever":6,"minecraft:heavy_weighted_pressure_plate":11,"minecraft:bread":21,"fantasyfurniture:bone/wither/wardrobe_bottom":2,"butchersdelight:roaster":3,"minecraft:iron_door":19,"minecraft:gravel":50,"regions_unexplored:larch_pressure_plate":9,"butchersdelightfoods:cooked_ham":42,"regions_unexplored:larch_door":10,"minecraft:cooked_rabbit":1,"minecraft:andesite":17,"minecraft:bone_meal":249,"butchersdelightfoods:cooked_sheeploin":11,"quark:birch_chest":4,"minecraft:flint_and_steel":87,"quark:bamboo_ladder":3,"minecraft:stone_shovel":138,"minecraft:redstone":66,"minecraft:stone_hoe":243,"minecraft:cooked_chicken":2,"butchersdelightfoods:cooked_leg_cow":12,"minecraft:oak_door":1,"regions_unexplored:maple_planks":93,"minecraft:dirt":767,"minecraft:spyglass":8,"fantasyfurniture:royal/chair":6,"minecraft:hopper":32,"minecraft:bookshelf":1,"quark:spruce_chest":4,"regions_unexplored:larch_planks":433,"minecraft:minecart":7,"immersiveengineering:blastbrick":29,"minecraft:cooked_beef":7,"minecraft:pumpkin":2,"minecraft:cooked_mutton":22,"regions_unexplored:stripped_larch_log":1,"minecraft:cobblestone_stairs":12,"minecraft:baked_potato":17,"regions_unexplored:peat_dirt":1010,"born_in_chaos_v1:scorched_planks_door":1,"regions_unexplored:larch_boat":10,"minecraft:cobblestone_slab":3,"drinkbeer:beer_mug":2,"minecraft:smoker":3,"regions_unexplored:peat_mud":4,"regions_unexplored:larch_trapdoor":8,"hexerei:witch_hazel_broom":8,"regions_unexplored:larch_log":3,"minecraft:stone_axe":127,"butchersdelightfoods:cookedsheeprack":16,"biomancy:flesh_spike":1,"fantasyfurniture:royal/wardrobe_bottom":3,"minecraft:bucket":36,"butchersdelight:rack":2,"regions_unexplored:maple_log":1},"minecraft:picked_up":{"regions_unexplored:pointed_redstone":1,"minecraft:iron_chestplate":4,"butchersdelightfoods:legcow":14,"regions_unexplored:larch_planks":364,"minecraft:smithing_table":1,"minecraft:diamond_sword":7,"regions_unexplored:silt_dirt":11,"regions_unexplored:glistering_sprout":5,"butchersdelightfoods:cooked_ham":62,"minecraft:birch_button":5,"immersiveengineering:blastbrick":2,"minecraft:amethyst_block":46,"minecraft:polished_deepslate":15,"minecraft:string":64,"minecraft:soul_soil":76,"minecraft:cooked_salmon":2,"butchersdelightfoods:goat_loin":1,"minecraft:gold_nugget":25,"supplementaries:hourglass":1,"minecraft:cobbled_deepslate":396,"minecraft:spruce_planks":5,"fantasyfurniture:venthyr/shelf":2,"undead_unleashed:grave_metal_sword":5,"regions_unexplored:larch_log":916,"minecraft:coal_block":6,"minecraft:composter":2,"regions_unexplored:yellow_bioshroom_block":28,"minecraft:rabbit_foot":3,"minecraft:cauldron":2,"minecraft:black_dye":2,"quark:clear_shard":69,"minecraft:stone_sword":1,"fantasyfurniture:bone/wither/chair":2,"minecraft:iron_block":128,"supplementaries:ash":600,"minecraft:snowball":16,"minecraft:birch_log":78,"minecraft:magma_block":26,"butchersdelightfoods:beeftenderloin":14,"minecraft:feather":10,"minecraft:cooked_beef":8,"minecraft:iron_door":19,"minecraft:birch_slab":8,"minecraft:brown_wool":1,"minecraft:copper_block":13,"minecraft:smoker":2,"butchersdelight:deadpig":19,"supplementaries:soap":1,"minecraft:flint":1,"fantasyfurniture:decorations/bone_wither_pile":1,"butchersdelightfoods:cookedporkloin":8,"minecraft:lantern":16,"butchersdelightfoods:cookedsheeprack":6,"quark:cobblestone_bricks_slab":3,"minecraft:rabbit":7,"regions_unexplored:yellow_bioshroom_stem":1,"minecraft:glowstone_dust":44,"butchersdelightfoods:goat_shank":1,"hexerei:animal_fat":21,"butchersdelight:skullcow":16,"butchersdelightfoods:porkloin":14,"regions_unexplored:larch_slab":286,"minecraft:ink_sac":13,"quark:cobblestone_bricks_wall":8,"minecraft:barrel":4,"quark:birch_ladder":1,"supplementaries:bamboo_spikes":91,"minecraft:granite":192,"minecraft:jack_o_lantern":6,"born_in_chaos_v1:rotten_fish":14,"minecraft:crafting_table":10,"minecraft:coarse_dirt":34,"minecraft:clay_ball":317,"immersiveengineering:coal_coke":3,"minecraft:fire_coral":1,"minecraft:heavy_weighted_pressure_plate":10,"regions_unexplored:larch_fence_gate":1,"hexerei:witch_hazel_broom":9,"regions_unexplored:orange_maple_sapling":24,"butchersdelight:dead_cow":7,"butchersdelight:deadrabbitbrown":6,"undead_unleashed:grave_metal_ingot":3,"minecraft:cracked_stone_bricks":4,"quark:spruce_chest":1,"minecraft:beef":14,"regions_unexplored:maple_leaf_pile":1,"born_in_chaos_v1:gnawed_bones":1,"minecraft:iron_nugget":7,"minecraft:minecart":6,"minecraft:chest":7,"minecraft:birch_sapling":12,"fantasyfurniture:venthyr/floor_light":4,"minecraft:egg":2,"cotw:witherstone":3,"minecraft:sandstone":192,"minecraft:redstone":188,"butchersdelightfoods:cooked_leg_cow":3,"regions_unexplored:purple_coneflower":6,"minecraft:tnt":1,"butchersdelight:deadsheep":18,"minecraft:stone_shovel":2,"butchersdelightfoods:coockedbeeftenderloin":2,"minecraft:hay_block":9,"butchersdelightfoods:sheeprack":12,"minecraft:gold_ingot":10,"immersiveengineering:rs_engineering":7,"butchersdelight:roaster":1,"minecraft:mutton":25,"minecraft:white_wool":45,"minecraft:bone_block":15,"minecraft:rail":71,"minecraft:stripped_oak_log":1,"born_in_chaos_v1:monster_flesh":2,"minecraft:red_mushroom_block":32,"minecraft:oak_log":164,"butchersdelightfoods:goatrack":1,"regions_unexplored:red_maple_sapling":7,"fantasyfurniture:dunmer/carpet":7,"minecraft:blue_bed":2,"minecraft:paper":27,"minecraft:white_banner":1,"butchersdelight:deadchiken":3,"immersiveengineering:cokebrick":27,"minecraft:apple":8,"minecraft:stone_bricks":7,"regions_unexplored:stripped_larch_log":2,"minecraft:kelp":156,"minecraft:stone_pickaxe":2,"minecraft:cobweb":3,"regions_unexplored:larch_sapling":111,"spore:mutated_fiber":6,"regions_unexplored:brimwood_log":24,"minecraft:glass_bottle":1,"minecraft:dark_oak_stairs":2,"minecraft:iron_sword":5,"immersiveengineering:ingot_silver":7,"regions_unexplored:silver_birch_sapling":5,"minecraft:dark_oak_slab":3,"minecraft:smooth_basalt":10,"minecraft:sweet_berries":13,"regions_unexplored:oak_shrub":2,"minecraft:gravel":79,"minecraft:spruce_sapling":48,"minecraft:spruce_log":91,"minecraft:diamond_shovel":1,"quark:cobblestone_bricks":8,"travelersbackpack:standard":2,"minecraft:purple_bed":3,"immersiveengineering:seed":109,"quark:paper_wall":106,"minecraft:stone_axe":5,"immersiveengineering:wirecoil_copper":28,"minecraft:diamond_axe":3,"minecraft:baked_potato":110,"regions_unexplored:stripped_maple_log":1,"regions_unexplored:larch_boat":10,"immersiveengineering:hammer":2,"fantasyfurniture:bone/wither/desk_left":1,"minecraft:hopper":1,"minecraft:ender_pearl":1,"minecraft:wheat":60,"minecraft:redstone_block":15,"regions_unexplored:maple_planks":7,"minecraft:stone_brick_stairs":3,"minecraft:lapis_block":5,"minecraft:raw_copper":190,"minecraft:iron_leggings":2,"fantasyfurniture:venthyr/table_wide_fancy":4,"minecraft:smooth_stone":3,"minecraft:bucket":3,"minecraft:light_weighted_pressure_plate":7,"minecraft:rose_bush":18,"minecraft:redstone_torch":9,"minecraft:cobblestone_slab":4,"minecraft:calcite":6,"minecraft:iron_pickaxe":2,"fantasyfurniture:royal/floor_light":2,"minecraft:iron_boots":3,"minecraft:furnace":6,"immersiveengineering:hempcrete":49,"minecraft:stick":553,"minecraft:torch":350,"minecraft:porkchop":14,"minecraft:dried_kelp":1,"minecraft:villager_spawn_egg":1,"minecraft:diorite":268,"regions_unexplored:peat_mud":26,"fantasyfurniture:furniture_station":1,"minecraft:rotten_flesh":67,"quark:violet_corundum_cluster":8,"butchersdelightfoods:ham":14,"hexerei:herb_drying_rack":5,"minecraft:obsidian":32,"minecraft:cod":4,"minecraft:cobblestone":1831,"regions_unexplored:golden_larch_sapling":211,"minecraft:enchanting_table":1,"minecraft:repeater":3,"immersiveengineering:toolbox":2,"minecraft:andesite":211,"minecraft:black_bed":2,"minecraft:potato":1427,"map_atlases:atlas":4,"minecraft:tuff":41,"supplementaries:flute":2,"supplementaries:flax_seeds":2,"butchersdelight:goat_fur":1,"minecraft:lapis_lazuli":103,"minecraft:dirt":869,"born_in_chaos_v1:monster_skin":1,"immersiveengineering:hemp_fiber":259,"minecraft:glass":114,"minecraft:bone":63,"butchersdelightfoods:cookedbeefribs":2,"hexerei:wax_blend":6,"minecraft:bow":1,"minecraft:wheat_seeds":160,"minecraft:raw_gold":16,"minecraft:grindstone":1,"immersiveengineering:plate_aluminum":4,"regions_unexplored:larch_trapdoor":5,"regions_unexplored:larch_shrub":11,"minecraft:mossy_stone_bricks":2,"minecraft:bamboo":668,"minecraft:powered_rail":3,"minecraft:oak_planks":36,"minecraft:stone_hoe":2,"regions_unexplored:larch_stairs":5,"spore:cerebrum":2,"minecraft:cooked_porkchop":6,"immersiveengineering:creosote_bucket":1,"minecraft:poisonous_potato":2,"graveyard:bone_dagger":1,"minecraft:sand":826,"regions_unexplored:larch_door":6,"butchersdelight:cow_hide":14,"immersiveengineering:raw_aluminum":27,"hexerei:sage":7,"tenebrous_lands:zenyr":13,"butchersdelightfoods:beefribs":14,"regions_unexplored:cattail":26,"travelersbackpack:white_sleeping_bag":1,"minecraft:diamond":74,"minecraft:bone_meal":5,"minecraft:golden_apple":2,"minecraft:emerald":3,"minecraft:oak_sapling":11,"butchersdelightfoods:sheepshank":12,"butchersdelight:hook":6,"minecraft:netherrack":202,"minecraft:fishing_rod":1,"regions_unexplored:larch_fence":39,"minecraft:charcoal":45,"regions_unexplored:mycotoxic_grass":11,"minecraft:chicken":5,"minecraft:ladder":10,"minecraft:cooked_rabbit":1,"minecraft:shield":4,"immersiveengineering:ingot_aluminum":9,"minecraft:oak_trapdoor":2,"minecraft:iron_axe":2,"minecraft:item_frame":9,"butchersdelightfoods:cookedporkribs":18,"graveyard:corruption":1,"butchersdelightfoods:sheeploin":26,"minecraft:candle":6,"minecraft:sugar_cane":252,"butchersdelightfoods:porkribs":14,"minecraft:spruce_trapdoor":4,"born_in_chaos_v1:scorched_planks_slab":2,"minecraft:raw_iron":111,"regions_unexplored:silver_birch_leaf_pile":6,"quark:violet_corundum":6,"fantasyfurniture:venthyr/chandelier":8,"minecraft:copper_ingot":5,"minecraft:stone_button":17,"fantasyfurniture:venthyr/wardrobe_top":3,"quark:birch_chest":4,"fantasyfurniture:venthyr/wall_light":3,"minecraft:iron_horse_armor":1,"fantasyfurniture:bone/skeleton/chandelier":1,"minecraft:dark_oak_planks":3,"hexerei:sage_seed":21,"minecraft:tube_coral":2,"minecraft:arrow":64,"regions_unexplored:maple_sapling":17,"minecraft:saddle":2,"fantasyfurniture:royal/wardrobe_bottom":1,"minecraft:black_banner":1,"regions_unexplored:peat_dirt":2128,"minecraft:salmon":7,"fantasyfurniture:bone/wither/wardrobe_bottom":2,"minecraft:leather":14,"regions_unexplored:orange_maple_shrub":1,"minecraft:birch_planks":1,"minecraft:cobbled_deepslate_stairs":1,"immersiveengineering:turret_gun":6,"minecraft:gunpowder":46,"minecraft:cobblestone_stairs":8,"butchersdelight:rack":2,"immersiveengineering:treated_wood_horizontal":1,"minecraft:cooked_mutton":6,"quark:music_disc_crickets":1,"boh:kindness_flower":13,"minecraft:rabbit_hide":7,"minecraft:iron_ingot":208,"minecraft:cooked_chicken":5,"supplementaries:gold_gate":2,"quark:pickarang":3,"regions_unexplored:yellow_bioshroom":1,"minecraft:soul_sand":52,"minecraft:book":4,"minecraft:scaffolding":84,"regions_unexplored:larch_sign":7,"quark:red_corundum_cluster":1,"minecraft:pumpkin":4,"minecraft:quartz":84,"quark:glass_item_frame":6,"minecraft:amethyst_shard":19,"undead_unleashed:grave_metal_scrap":67,"minecraft:soul_torch":7,"minecraft:blast_furnace":2,"quark:oak_chest":10,"immersiveengineering:revolver":4,"minecraft:spider_eye":8,"supplementaries:clock_block":1,"butchersdelight:sheephide":21,"biomancy:flesh_spike":1,"regions_unexplored:larch_pressure_plate":6,"regions_unexplored:silver_birch_log":31,"minecraft:iron_helmet":2,"travelersbackpack:pumpkin":1,"regions_unexplored:maple_log":143,"undead_unleashed:grave_metal_axe":1,"fantasyfurniture:venthyr/wardrobe_bottom":1,"minecraft:coal":239},"minecraft:killed":{"minecraft:cave_spider":4,"minecraft:skeleton":33,"minecraft:chicken":3,"spore:inf_player":2,"minecraft:salmon":3,"tenebrous_lands:skinwalker":1,"minecraft:pillager":5,"minecraft:zombie":18,"minecraft:cow":6,"minecraft:vindicator":6,"tenebrous_lands:eynelvoonge":3,"graveyard:ghoul":2,"minecraft:rabbit":7,"born_in_chaos_v1:decrepit_skeleton":1,"tenebrous_lands:wendigo":1,"cotw:harvester":1,"minecraft:enderman":1,"boh:jeff_the_killer":3,"minecraft:witch":3,"graveyard:skeleton_creeper":1,"minecraft:spider":16,"minecraft:illusioner":2,"tenebrous_lands:demogon":1,"minecraft:pig":15,"minecraft:zombie_villager":1,"born_in_chaos_v1:wither_scuttler":2,"minecraft:creeper":26,"minecraft:sheep":17,"born_in_chaos_v1:dread_hound":2,"undead_unleashed:shadewraith":1,"spore:inf_human":2,"undead_unleashed:haunter":4,"minecraft:vex":1,"tenebrous_lands:scarecrow":1,"graveyard:revenant":1,"born_in_chaos_v1:zombie_bruiser":1,"born_in_chaos_v1:maggot":1,"minecraft:drowned":23,"born_in_chaos_v1:corpse_fish":2,"minecraft:squid":3,"spore:inf_pillager":1,"difficult_spawners:evil_spirit":8,"minecraft:villager":1},"minecraft:broken":{"minecraft:iron_boots":1,"minecraft:iron_chestplate":1,"minecraft:iron_leggings":1,"minecraft:golden_sword":1,"supplementaries:flute":3,"minecraft:diamond_shovel":1,"undead_unleashed:grave_metal_sword":1,"minecraft:stone_hoe":1,"minecraft:shield":1,"minecraft:iron_axe":1,"minecraft:iron_pickaxe":4,"minecraft:iron_helmet":1,"undead_unleashed:grave_metal_axe":1,"minecraft:stone_pickaxe":9,"minecraft:diamond_boots":1,"minecraft:stone_shovel":2},"minecraft:dropped":{"quark:pickarang":5,"minecraft:iron_sword":5,"butchersdelight:dead_cow":1,"cotw:witherstone":2,"minecraft:cracked_stone_bricks":1,"map_atlases:atlas":5,"undead_unleashed:grave_metal_scrap":3,"minecraft:item_frame":1,"minecraft:dirt":806,"butchersdelightfoods:cookedsheeprack":6,"regions_unexplored:purple_coneflower":6,"minecraft:jack_o_lantern":1,"regions_unexplored:golden_larch_sapling":50,"minecraft:sand":256,"minecraft:iron_pickaxe":2,"hexerei:sage":3,"minecraft:bone":10,"minecraft:stone_axe":3,"minecraft:sugar_cane":27,"minecraft:cobbled_deepslate":192,"butchersdelight:deadsheep":6,"butchersdelight:cleaver":1,"minecraft:birch_sapling":1,"minecraft:obsidian":1,"butchersdelightfoods:cookedporkribs":4,"regions_unexplored:larch_fence":4,"butchersdelightfoods:cookedbeefribs":4,"regions_unexplored:larch_boat":3,"minecraft:ladder":3,"minecraft:glass":208,"minecraft:stone_brick_stairs":2,"minecraft:iron_ingot":194,"minecraft:black_dye":2,"minecraft:wheat_seeds":15,"supplementaries:bamboo_spikes":10,"butchersdelightfoods:coockedbeeftenderloin":1,"minecraft:iron_helmet":2,"minecraft:cobblestone":225,"minecraft:granite":35,"quark:paper_wall":30,"graveyard:bone_dagger":1,"minecraft:coal":9,"minecraft:cobweb":7,"minecraft:wooden_axe":1,"minecraft:dried_kelp":1,"minecraft:iron_shovel":2,"minecraft:string":6,"minecraft:spruce_sapling":11,"regions_unexplored:larch_log":343,"hexerei:sage_seed":1,"minecraft:soul_soil":65,"minecraft:soul_torch":3,"minecraft:stone_sword":2,"born_in_chaos_v1:rotten_fish":1,"minecraft:stone_shovel":3,"butchersdelightfoods:cooked_sheeploin":5,"minecraft:iron_boots":5,"undead_unleashed:grave_metal_sword":4,"regions_unexplored:larch_slab":402,"immersiveengineering:hammer":1,"minecraft:pumpkin_seeds":4,"minecraft:diamond_sword":6,"minecraft:potato":6154,"minecraft:spruce_planks":1,"butchersdelight:deadrabbitbrown":1,"minecraft:diamond_pickaxe":5,"minecraft:redstone_torch":1,"minecraft:spider_eye":1,"minecraft:stone_bricks":3,"minecraft:bamboo":109,"minecraft:sandstone":192,"supplementaries:flute":3,"minecraft:soul_sand":13,"minecraft:birch_planks":84,"minecraft:diamond_axe":3,"butchersdelightfoods:cooked_ham":141,"minecraft:oak_log":2,"minecraft:baked_potato":58,"regions_unexplored:larch_planks":193,"minecraft:leather":2,"travelersbackpack:standard":1,"fantasyfurniture:bone/wither/bed_single":1,"hexerei:witch_hazel_broom":1,"minecraft:birch_slab":2,"butchersdelightfoods:cookedporkloin":5,"butchersdelightfoods:cooked_leg_cow":2,"supplementaries:regions_unexplored/sign_post_magnolia":1,"regions_unexplored:larch_pressure_plate":6,"minecraft:diamond_shovel":1,"regions_unexplored:larch_sapling":29,"minecraft:cooked_mutton":9,"regions_unexplored:mycotoxic_grass":5,"travelersbackpack:pumpkin":1,"regions_unexplored:cattail":1,"supplementaries:ash":129,"regions_unexplored:peat_dirt":315,"regions_unexplored:peat_grass_block":1,"immersiveengineering:casull":6,"minecraft:chest":1,"immersiveengineering:revolver":4,"minecraft:scaffolding":25,"minecraft:quartz":110,"immersiveengineering:seed":4,"minecraft:stone_hoe":1,"minecraft:water_bucket":2,"quark:glass_item_frame":7,"minecraft:stick":82,"minecraft:iron_block":128,"immersiveengineering:toolbox":2,"butchersdelight:skullcow":2,"minecraft:torch":66,"tarotcards:wheel_of_fortune":1,"minecraft:iron_door":1,"minecraft:iron_leggings":4,"minecraft:stonecutter":1,"minecraft:iron_axe":1,"minecraft:polished_deepslate":9,"regions_unexplored:larch_shrub":2,"minecraft:oak_trapdoor":1,"regions_unexplored:larch_trapdoor":30,"minecraft:tuff":6,"minecraft:villager_spawn_egg":1,"butchersdelightfoods:cookedsheepshank":16,"minecraft:shield":1,"minecraft:iron_chestplate":7,"minecraft:mossy_stone_bricks":1,"minecraft:oak_sapling":2,"minecraft:stone_pickaxe":5,"immersiveengineering:hemp_fiber":1,"fantasyfurniture:bone/wither/bed_double":1},"minecraft:mined":{"minecraft:dark_oak_planks":3,"regions_unexplored:yellow_bioshroom_block":34,"minecraft:obsidian":30,"minecraft:carved_pumpkin":1,"regions_unexplored:larch_planks":273,"regions_unexplored:cattail":23,"minecraft:granite":98,"immersiveengineering:blastbrick":2,"fantasyfurniture:bone/wither/bed_single":1,"minecraft:hopper":1,"minecraft:spawner":3,"minecraft:tall_seagrass":9,"minecraft:magma_block":1,"regions_unexplored:stone_bud":1,"minecraft:fire":2,"minecraft:barrel":4,"minecraft:pumpkin":4,"minecraft:deepslate_lapis_ore":4,"minecraft:enchanting_table":1,"minecraft:dirt_path":29,"regions_unexplored:maple_leaf_pile":2,"regions_unexplored:silt_grass_block":2,"immersiveengineering:turret_gun":6,"minecraft:soul_wall_torch":2,"minecraft:kelp_plant":19,"fantasyfurniture:venthyr/wall_light":2,"minecraft:smoker":2,"minecraft:soul_fire":1,"minecraft:amethyst_cluster":2,"minecraft:torch":36,"minecraft:blast_furnace":2,"regions_unexplored:peat_grass_block":1577,"born_in_chaos_v1:scorched_planks_slab":2,"minecraft:glass":22,"minecraft:sugar_cane":94,"minecraft:amethyst_block":23,"immersiveengineering:cokebrick":26,"minecraft:black_bed":3,"minecraft:stone_brick_stairs":1,"minecraft:grass":75,"quark:birch_chest":4,"regions_unexplored:oak_shrub":2,"butchersdelight:hook":6,"minecraft:birch_button":2,"minecraft:smooth_basalt":11,"realmrpg_skeletons:mushroomer_skeleton":1,"fantasyfurniture:bone/wither/desk_left":1,"spore:remains":1,"minecraft:deepslate":389,"regions_unexplored:mycotoxic_grass":1,"supplementaries:clock_block":1,"minecraft:jack_o_lantern":4,"butchersdelight:deadsheepblock":1,"immersiveengineering:coke_oven":1,"regions_unexplored:maple_leaves":2,"regions_unexplored:peat_farmland":1,"minecraft:kelp":14,"immersiveengineering:hempcrete":49,"minecraft:redstone_ore":32,"supplementaries:bamboo_spikes":61,"minecraft:snow":22,"regions_unexplored:larch_slab":122,"minecraft:andesite":124,"regions_unexplored:larch_pressure_plate":2,"minecraft:potatoes":4,"minecraft:cobblestone_slab":3,"minecraft:vine":4,"minecraft:rail":60,"minecraft:bamboo_sapling":2,"minecraft:bamboo":118,"fantasyfurniture:royal/wardrobe_bottom":1,"minecraft:bone_block":1,"supplementaries:wall_lantern":7,"immersiveengineering:ore_aluminum":13,"minecraft:smithing_table":1,"minecraft:soul_sand":42,"quark:oak_chest":10,"supplementaries:gold_gate":2,"boh:kindness_flower":6,"minecraft:campfire":3,"minecraft:copper_ore":35,"minecraft:tall_grass":4,"minecraft:diorite":140,"minecraft:purple_bed":3,"minecraft:coarse_dirt":33,"deep_dark_regrowth:sculk_moss":1,"minecraft:spruce_log":1,"minecraft:birch_leaves":1,"minecraft:gravel":69,"minecraft:cobweb":18,"minecraft:stone_bricks":4,"minecraft:gold_ore":16,"minecraft:fern":1,"minecraft:spruce_planks":6,"minecraft:farmland":4,"regions_unexplored:stripped_larch_log":3,"regions_unexplored:maple_planks":7,"minecraft:cobbled_deepslate_stairs":1,"regions_unexplored:maple_log":14,"minecraft:cobblestone_stairs":8,"regions_unexplored:red_maple_shrub":1,"minecraft:spruce_trapdoor":4,"minecraft:budding_amethyst":4,"minecraft:grass_block":34,"quark:cobblestone_bricks_wall":6,"regions_unexplored:yellow_bioshroom_stem":1,"regions_unexplored:larch_stairs":2,"minecraft:soul_soil":24,"minecraft:composter":2,"minecraft:frosted_ice":3,"minecraft:glowstone":19,"supplementaries:ash":100,"minecraft:iron_ore":103,"minecraft:dark_oak_stairs":2,"supplementaries:stick":12,"regions_unexplored:larch_log":27,"quark:violet_corundum":7,"minecraft:deepslate_redstone_ore":3,"hexerei:herb_drying_rack":5,"fantasyfurniture:bone/wither/wardrobe_bottom":1,"regions_unexplored:stripped_maple_log":1,"spore:growths_big":2,"minecraft:clay":76,"quark:cobblestone_bricks":3,"undead_unleashed:grave_soil":2,"minecraft:calcite":7,"minecraft:chest":6,"supplementaries:wild_flax":2,"minecraft:nether_quartz_ore":51,"minecraft:cobblestone":104,"minecraft:grindstone":1,"minecraft:oak_planks":13,"minecraft:iron_door":19,"minecraft:wall_torch":64,"minecraft:cauldron":1,"minecraft:seagrass":7,"minecraft:light_weighted_pressure_plate":7,"realmrpg_skeletons:bow_skeleton":2,"minecraft:dark_oak_slab":3,"minecraft:powered_rail":3,"supplementaries:hourglass":1,"minecraft:birch_log":24,"fantasyfurniture:bone/wither/chair":2,"regions_unexplored:larch_fence":47,"fantasyfurniture:dunmer/carpet":6,"quark:birch_ladder":1,"minecraft:oak_log":121,"regions_unexplored:peat_dirt":462,"minecraft:sand":559,"minecraft:dirt":118,"minecraft:dispenser":1,"minecraft:netherrack":169,"minecraft:oak_leaves":45,"minecraft:nether_gold_ore":2,"biomancy:flesh_spike":1,"minecraft:tuff":43,"minecraft:deepslate_diamond_ore":55,"minecraft:candle":3,"butchersdelight:rack":2,"fantasyfurniture:furniture_station":1,"born_in_chaos_v1:infected_diamond_ore":1,"minecraft:glow_lichen":1,"minecraft:ladder":4,"minecraft:stone_button":6,"minecraft:black_banner":1,"minecraft:soul_campfire":1,"travelersbackpack:white_sleeping_bag":1,"minecraft:birch_slab":12,"regions_unexplored:overgrown_bone_block":2,"minecraft:spruce_leaves":15,"minecraft:large_fern":3,"minecraft:hay_block":9,"minecraft:heavy_weighted_pressure_plate":9,"regions_unexplored:larch_door":7,"minecraft:oak_trapdoor":3,"minecraft:furnace":6,"immersiveengineering:hemp":87,"immersiveengineering:treated_wood_horizontal":1,"treechop:chopped_log":68,"regions_unexplored:larch_wall_sign":3,"regions_unexplored:frozen_grass":4,"minecraft:polished_deepslate":6,"minecraft:bookshelf":1,"minecraft:lantern":8,"minecraft:stripped_oak_log":1,"regions_unexplored:medium_grass":79,"minecraft:stone":998,"immersiveengineering:rs_engineering":7,"fantasyfurniture:venthyr/shelf":2,"minecraft:scaffolding":30,"minecraft:soul_torch":2,"minecraft:spruce_door":1,"regions_unexplored:mycotoxic_moss":13,"regions_unexplored:larch_trapdoor":1,"fantasyfurniture:venthyr/wardrobe_bottom":1,"minecraft:crafting_table":11,"minecraft:rose_bush":9,"regions_unexplored:peat_mud":18,"quark:cobblestone_bricks_slab":3,"minecraft:lapis_ore":8,"minecraft:blue_bed":2,"minecraft:birch_planks":1,"minecraft:redstone_torch":3,"regions_unexplored:larch_fence_gate":1,"minecraft:sweet_berry_bush":10,"minecraft:coal_ore":192,"quark:spruce_chest":1,"minecraft:cracked_stone_bricks":1,"minecraft:mossy_stone_bricks":1,"quark:violet_corundum_cluster":1,"regions_unexplored:larch_shrub":7},"minecraft:custom":{"minecraft:interact_with_crafting_table":285,"minecraft:leave_game":14,"minecraft:time_since_death":154578,"minecraft:damage_blocked_by_shield":3910,"minecraft:play_time":1610429,"minecraft:deaths":22,"minecraft:jump":18069,"minecraft:interact_with_furnace":141,"minecraft:interact_with_cartography_table":10,"minecraft:damage_dealt":40634,"minecraft:interact_with_smoker":35,"minecraft:inspect_dispenser":2,"minecraft:interact_with_smithing_table":8,"minecraft:interact_with_anvil":2,"minecraft:inspect_hopper":16,"minecraft:sneak_time":138925,"minecraft:interact_with_blast_furnace":34,"minecraft:total_world_time":1610429,"minecraft:time_since_rest":154611,"minecraft:swim_one_cm":199270,"minecraft:fly_one_cm":3960730,"minecraft:open_chest":2008,"minecraft:fall_one_cm":299871,"minecraft:sprint_one_cm":2964867,"minecraft:drop":488,"minecraft:talked_to_villager":11,"minecraft:walk_on_water_one_cm":277397,"minecraft:player_kills":2,"minecraft:crouch_one_cm":493016,"minecraft:mob_kills":253,"minecraft:interact_with_campfire":58,"minecraft:climb_one_cm":183398,"minecraft:walk_one_cm":4313808,"minecraft:walk_under_water_one_cm":154490,"minecraft:boat_one_cm":3342,"minecraft:damage_absorbed":120,"minecraft:damage_taken":21083,"minecraft:minecart_one_cm":2977}},"DataVersion":3120}