{"stats":{"minecraft:used":{"minecraft:oak_trapdoor":2,"quark:birch_chest":4,"minecraft:stone_sword":84,"minecraft:iron_shovel":20,"minecraft:polished_deepslate":3,"minecraft:ladder":4,"minecraft:chest":2,"minecraft:shield":3,"butchersdelight:hook":5,"minecraft:oak_door":1,"undead_unleashed:grave_metal_sword":102,"minecraft:stick":1,"minecraft:torch":105,"minecraft:lantern":15,"minecraft:light_weighted_pressure_plate":7,"minecraft:iron_axe":129,"minecraft:barrel":1,"minecraft:birch_button":2,"minecraft:golden_sword":9,"minecraft:sweet_berries":18,"minecraft:furnace":5,"hexerei:herb_drying_rack":2,"butchersdelightfoods:cookedporkribs":9,"minecraft:diorite":8,"minecraft:cobblestone_stairs":12,"minecraft:birch_planks":1,"minecraft:oak_planks":4,"minecraft:stone_pickaxe":1198,"minecraft:wooden_pickaxe":10,"minecraft:sugar_cane":2,"minecraft:crafting_table":13,"minecraft:blast_furnace":1,"minecraft:campfire":1,"minecraft:black_bed":2,"minecraft:heavy_weighted_pressure_plate":11,"minecraft:iron_pickaxe":318,"minecraft:bread":12,"minecraft:stone_button":8,"minecraft:iron_door":14,"minecraft:spruce_trapdoor":2,"butchersdelight:roaster":1,"minecraft:gravel":2,"minecraft:stone_axe":127,"regions_unexplored:larch_door":9,"minecraft:cobblestone":83,"minecraft:cooked_porkchop":3,"minecraft:andesite":14,"minecraft:birch_log":4,"supplementaries:bamboo_spikes":24,"quark:oak_chest":10,"minecraft:candle":1,"butchersdelight:rack":2},"minecraft:mined":{"minecraft:candle":3,"regions_unexplored:maple_log":14,"butchersdelight:rack":1,"minecraft:cobblestone_stairs":8,"minecraft:jack_o_lantern":2,"minecraft:carved_pumpkin":1,"minecraft:spruce_trapdoor":2,"minecraft:glow_lichen":1,"minecraft:granite":60,"minecraft:stone_button":4,"minecraft:grass_block":8,"minecraft:soul_campfire":1,"regions_unexplored:maple_leaves":2,"minecraft:spawner":1,"minecraft:hay_block":4,"minecraft:redstone_ore":32,"regions_unexplored:larch_door":6,"minecraft:oak_trapdoor":1,"minecraft:heavy_weighted_pressure_plate":5,"minecraft:furnace":2,"minecraft:iron_ore":103,"supplementaries:bamboo_spikes":5,"minecraft:andesite":120,"treechop:chopped_log":9,"minecraft:polished_deepslate":6,"supplementaries:stick":1,"minecraft:lantern":8,"regions_unexplored:medium_grass":13,"regions_unexplored:larch_log":5,"minecraft:stone":728,"supplementaries:wall_lantern":7,"immersiveengineering:ore_aluminum":13,"minecraft:deepslate_redstone_ore":1,"hexerei:herb_drying_rack":1,"quark:oak_chest":2,"spore:growths_big":2,"boh:kindness_flower":6,"minecraft:crafting_table":6,"minecraft:torch":9,"undead_unleashed:grave_soil":2,"regions_unexplored:peat_grass_block":7,"minecraft:chest":3,"minecraft:rose_bush":9,"minecraft:copper_ore":35,"minecraft:cobblestone":5,"minecraft:lapis_ore":8,"minecraft:oak_planks":2,"minecraft:sugar_cane":4,"minecraft:diorite":138,"minecraft:iron_door":9,"minecraft:wall_torch":26,"minecraft:cauldron":1,"minecraft:light_weighted_pressure_plate":7,"minecraft:birch_planks":1,"deep_dark_regrowth:sculk_moss":1,"minecraft:birch_log":24,"minecraft:sweet_berry_bush":7,"minecraft:birch_leaves":1,"minecraft:black_bed":1,"minecraft:stone_brick_stairs":1,"butchersdelight:hook":1,"minecraft:grass":14,"regions_unexplored:oak_shrub":1,"minecraft:oak_log":100,"minecraft:coal_ore":160,"regions_unexplored:peat_dirt":6,"minecraft:gravel":23,"minecraft:dirt":33,"minecraft:cobweb":1,"minecraft:cracked_stone_bricks":1,"realmrpg_skeletons:mushroomer_skeleton":1,"minecraft:stone_bricks":1,"minecraft:gold_ore":16,"minecraft:oak_leaves":3,"spore:remains":1,"minecraft:deepslate":3},"minecraft:custom":{"minecraft:mob_kills":44,"minecraft:interact_with_crafting_table":107,"minecraft:interact_with_campfire":31,"minecraft:leave_game":6,"minecraft:time_since_death":34283,"minecraft:climb_one_cm":3461,"minecraft:sprint_one_cm":308717,"minecraft:walk_one_cm":575943,"minecraft:damage_blocked_by_shield":80,"minecraft:drop":20,"minecraft:play_time":304858,"minecraft:deaths":8,"minecraft:sneak_time":14126,"minecraft:walk_under_water_one_cm":3056,"minecraft:jump":2713,"minecraft:interact_with_blast_furnace":16,"minecraft:walk_on_water_one_cm":10706,"minecraft:total_world_time":304858,"minecraft:interact_with_furnace":41,"minecraft:time_since_rest":34331,"minecraft:damage_taken":3729,"minecraft:damage_dealt":7494,"minecraft:swim_one_cm":19255,"minecraft:fly_one_cm":428412,"minecraft:open_chest":325,"minecraft:crouch_one_cm":44209,"minecraft:fall_one_cm":44023},"minecraft:broken":{"undead_unleashed:grave_metal_sword":1,"minecraft:stone_pickaxe":9,"minecraft:golden_sword":1,"minecraft:iron_pickaxe":1},"minecraft:dropped":{"minecraft:wheat_seeds":3,"minecraft:stick":4,"minecraft:polished_deepslate":9,"minecraft:soul_soil":1,"minecraft:oak_trapdoor":1,"minecraft:stone_sword":1,"undead_unleashed:grave_metal_sword":3,"minecraft:spider_eye":1,"minecraft:stone_pickaxe":3,"minecraft:stone_brick_stairs":2,"immersiveengineering:seed":2},"minecraft:killed_by":{"minecraft:player":1,"minecraft:creeper":2,"spore:inf_player":3,"minecraft:skeleton":2},"minecraft:picked_up":{"minecraft:crafting_table":6,"minecraft:chicken":5,"butchersdelightfoods:cooked_ham":7,"minecraft:stone_brick_stairs":3,"minecraft:heavy_weighted_pressure_plate":6,"minecraft:polished_deepslate":15,"minecraft:string":4,"minecraft:oak_trapdoor":1,"minecraft:soul_soil":4,"minecraft:raw_copper":126,"butchersdelightfoods:cookedporkribs":9,"minecraft:smooth_stone":3,"minecraft:cracked_stone_bricks":3,"minecraft:candle":6,"minecraft:gold_nugget":4,"minecraft:cobbled_deepslate":6,"minecraft:spruce_planks":2,"minecraft:light_weighted_pressure_plate":7,"undead_unleashed:grave_metal_sword":4,"regions_unexplored:larch_log":8,"minecraft:rose_bush":18,"butchersdelightfoods:porkribs":5,"minecraft:sugar_cane":9,"minecraft:chest":2,"minecraft:birch_sapling":10,"minecraft:spruce_trapdoor":2,"minecraft:furnace":2,"minecraft:egg":2,"minecraft:stick":43,"minecraft:raw_iron":103,"minecraft:torch":41,"minecraft:porkchop":5,"minecraft:stone_button":4,"minecraft:diorite":268,"minecraft:redstone":144,"minecraft:cauldron":2,"hexerei:sage_seed":6,"minecraft:tnt":1,"minecraft:stone_sword":1,"minecraft:arrow":12,"minecraft:rotten_flesh":23,"regions_unexplored:maple_sapling":3,"minecraft:hay_block":4,"butchersdelightfoods:ham":5,"hexerei:herb_drying_rack":1,"minecraft:cobblestone":1218,"minecraft:rail":10,"regions_unexplored:golden_larch_sapling":1,"minecraft:birch_log":53,"regions_unexplored:peat_dirt":26,"minecraft:feather":10,"born_in_chaos_v1:monster_flesh":1,"minecraft:iron_door":9,"minecraft:andesite":207,"minecraft:leather":9,"minecraft:red_mushroom_block":32,"minecraft:birch_planks":1,"butchersdelight:deadpig":8,"minecraft:flint":1,"minecraft:oak_log":108,"minecraft:gunpowder":18,"butchersdelightfoods:cookedporkloin":7,"minecraft:cobblestone_stairs":8,"butchersdelight:rack":1,"minecraft:lapis_lazuli":46,"minecraft:dirt":93,"minecraft:lantern":15,"born_in_chaos_v1:monster_skin":1,"butchersdelight:deadchiken":3,"minecraft:bone":28,"minecraft:apple":3,"minecraft:stone_bricks":3,"boh:kindness_flower":12,"minecraft:wheat_seeds":6,"minecraft:raw_gold":16,"minecraft:iron_ingot":2,"minecraft:stone_pickaxe":2,"minecraft:cooked_chicken":4,"spore:mutated_fiber":2,"minecraft:oak_planks":14,"hexerei:animal_fat":6,"spore:cerebrum":1,"minecraft:cooked_porkchop":4,"minecraft:sweet_berries":13,"regions_unexplored:oak_shrub":1,"regions_unexplored:larch_door":5,"minecraft:gravel":50,"butchersdelightfoods:porkloin":5,"immersiveengineering:raw_aluminum":26,"undead_unleashed:grave_metal_scrap":28,"quark:oak_chest":2,"minecraft:spider_eye":2,"supplementaries:bamboo_spikes":14,"immersiveengineering:seed":8,"minecraft:granite":121,"regions_unexplored:maple_log":17,"butchersdelight:hook":1,"minecraft:jack_o_lantern":4,"minecraft:oak_sapling":5,"minecraft:coal":175},"minecraft:killed":{"graveyard:skeleton_creeper":1,"minecraft:spider":3,"born_in_chaos_v1:zombie_bruiser":1,"minecraft:skeleton":8,"minecraft:chicken":3,"minecraft:pig":4,"minecraft:creeper":9,"spore:inf_pillager":1,"difficult_spawners:evil_spirit":2,"spore:inf_human":1,"undead_unleashed:shadewraith":1,"minecraft:zombie":8,"born_in_chaos_v1:dread_hound":1,"undead_unleashed:haunter":1},"minecraft:crafted":{"minecraft:oak_door":3,"minecraft:smooth_stone":6,"minecraft:oak_planks":120,"immersiveengineering:hammer":1,"minecraft:barrel":1,"quark:birch_chest":4,"immersiveengineering:plate_aluminum":4,"minecraft:iron_nugget":9,"minecraft:oak_pressure_plate":1,"minecraft:birch_slab":6,"minecraft:furnace":4,"minecraft:stone_button":4,"minecraft:blast_furnace":1,"immersiveengineering:manual":1,"minecraft:cobblestone_stairs":8,"regions_unexplored:larch_planks":32,"minecraft:stone":10,"supplementaries:bamboo_spikes":2,"minecraft:lever":1,"minecraft:heavy_weighted_pressure_plate":5,"minecraft:oak_trapdoor":2,"butchersdelight:rack":1,"minecraft:iron_boots":1,"regions_unexplored:larch_door":6,"minecraft:iron_axe":1,"butchersdelight:roaster":1,"minecraft:ladder":8,"minecraft:stone_pickaxe":10,"minecraft:copper_block":5,"minecraft:iron_door":6,"minecraft:redstone_block":15,"minecraft:birch_button":2,"immersiveengineering:ingot_aluminum":9,"minecraft:wheat":36,"minecraft:coal_block":7,"butchersdelight:hook":1,"minecraft:crafting_table":7,"minecraft:wooden_pickaxe":1,"minecraft:iron_helmet":1,"minecraft:iron_sword":1,"minecraft:copper_ingot":81,"hexerei:herb_drying_rack":1,"butchersdelight:cleaver":1,"minecraft:birch_planks":72,"minecraft:stone_axe":1,"minecraft:bread":12,"minecraft:air":0,"minecraft:book":1,"minecraft:iron_chestplate":2,"minecraft:paper":3,"minecraft:charcoal":18,"minecraft:shield":1,"minecraft:light_weighted_pressure_plate":3,"minecraft:stick":84,"quark:oak_chest":8,"minecraft:iron_ingot":92,"minecraft:compass":1,"minecraft:iron_pickaxe":3,"minecraft:stone_sword":1,"minecraft:iron_shovel":1,"minecraft:gold_ingot":16,"minecraft:iron_leggings":1,"minecraft:torch":112,"minecraft:lapis_block":5}},"DataVersion":3120}