{"stats":{"minecraft:crafted":{"minecraft:oak_door":3,"minecraft:smooth_stone":6,"minecraft:oak_planks":68,"minecraft:barrel":1,"minecraft:iron_nugget":9,"minecraft:oak_pressure_plate":1,"minecraft:birch_slab":6,"minecraft:furnace":4,"minecraft:blast_furnace":1,"regions_unexplored:larch_planks":32,"minecraft:stone":9,"minecraft:oak_trapdoor":2,"butchersdelight:rack":1,"minecraft:iron_boots":1,"regions_unexplored:larch_door":6,"butchersdelight:roaster":1,"minecraft:stone_pickaxe":10,"minecraft:wheat":36,"butchersdelight:hook":1,"minecraft:crafting_table":7,"minecraft:wooden_pickaxe":1,"minecraft:iron_helmet":1,"minecraft:copper_ingot":2,"hexerei:herb_drying_rack":1,"minecraft:birch_planks":12,"butchersdelight:cleaver":1,"minecraft:stone_axe":1,"minecraft:bread":12,"minecraft:air":0,"minecraft:iron_chestplate":2,"minecraft:book":1,"minecraft:paper":3,"minecraft:charcoal":18,"minecraft:stick":44,"quark:oak_chest":2,"minecraft:iron_ingot":75,"minecraft:iron_pickaxe":1,"minecraft:stone_sword":1,"minecraft:iron_leggings":1,"minecraft:torch":60},"minecraft:killed_by":{"minecraft:skeleton":1},"minecraft:used":{"minecraft:oak_trapdoor":2,"minecraft:stone_sword":84,"minecraft:polished_deepslate":3,"minecraft:chest":2,"butchersdelight:hook":5,"undead_unleashed:grave_metal_sword":60,"minecraft:oak_door":1,"minecraft:stick":1,"minecraft:torch":92,"minecraft:lantern":15,"minecraft:barrel":1,"minecraft:golden_sword":9,"minecraft:sweet_berries":18,"minecraft:furnace":5,"hexerei:herb_drying_rack":2,"butchersdelightfoods:cookedporkribs":2,"minecraft:diorite":8,"minecraft:stone_pickaxe":1058,"minecraft:oak_planks":4,"minecraft:wooden_pickaxe":10,"minecraft:crafting_table":12,"minecraft:blast_furnace":1,"minecraft:campfire":1,"minecraft:black_bed":1,"minecraft:iron_pickaxe":217,"minecraft:bread":12,"butchersdelight:roaster":1,"minecraft:spruce_trapdoor":2,"minecraft:gravel":2,"minecraft:stone_axe":127,"regions_unexplored:larch_door":9,"minecraft:cobblestone":63,"minecraft:cooked_porkchop":3,"minecraft:andesite":12,"minecraft:birch_log":4,"quark:oak_chest":3,"butchersdelight:rack":2,"minecraft:candle":1},"minecraft:picked_up":{"minecraft:crafting_table":6,"butchersdelightfoods:cooked_ham":7,"minecraft:stone_brick_stairs":3,"minecraft:polished_deepslate":15,"minecraft:oak_trapdoor":1,"minecraft:string":2,"minecraft:raw_copper":124,"minecraft:soul_soil":3,"butchersdelightfoods:cookedporkribs":7,"minecraft:cracked_stone_bricks":2,"minecraft:gold_nugget":4,"minecraft:candle":6,"minecraft:cobbled_deepslate":3,"minecraft:spruce_planks":2,"undead_unleashed:grave_metal_sword":2,"regions_unexplored:larch_log":8,"minecraft:rose_bush":18,"minecraft:birch_sapling":5,"minecraft:sugar_cane":5,"minecraft:chest":2,"butchersdelightfoods:porkribs":3,"minecraft:spruce_trapdoor":2,"minecraft:furnace":2,"minecraft:stick":23,"minecraft:raw_iron":86,"minecraft:torch":33,"minecraft:porkchop":3,"minecraft:diorite":124,"minecraft:redstone":144,"minecraft:cauldron":2,"hexerei:sage_seed":4,"minecraft:tnt":1,"minecraft:stone_sword":1,"minecraft:arrow":11,"minecraft:rotten_flesh":16,"regions_unexplored:maple_sapling":1,"butchersdelightfoods:ham":3,"minecraft:hay_block":4,"hexerei:herb_drying_rack":1,"minecraft:cobblestone":683,"minecraft:rail":10,"regions_unexplored:golden_larch_sapling":1,"minecraft:birch_log":24,"regions_unexplored:peat_dirt":13,"minecraft:andesite":137,"minecraft:leather":9,"minecraft:red_mushroom_block":16,"butchersdelight:deadpig":6,"minecraft:flint":1,"minecraft:oak_log":44,"minecraft:gunpowder":16,"butchersdelightfoods:cookedporkloin":7,"butchersdelight:rack":1,"minecraft:dirt":44,"minecraft:lantern":15,"minecraft:bone":26,"minecraft:stone_bricks":2,"minecraft:apple":1,"boh:kindness_flower":12,"minecraft:wheat_seeds":4,"minecraft:raw_gold":16,"minecraft:stone_pickaxe":2,"minecraft:iron_ingot":2,"minecraft:oak_planks":14,"hexerei:animal_fat":4,"minecraft:cooked_porkchop":3,"minecraft:sweet_berries":13,"regions_unexplored:larch_door":3,"minecraft:gravel":24,"butchersdelightfoods:porkloin":3,"immersiveengineering:raw_aluminum":26,"undead_unleashed:grave_metal_scrap":22,"minecraft:spider_eye":1,"quark:oak_chest":1,"immersiveengineering:seed":6,"minecraft:granite":46,"regions_unexplored:maple_log":14,"minecraft:jack_o_lantern":4,"minecraft:coal":111},"minecraft:killed":{"graveyard:skeleton_creeper":1,"minecraft:spider":1,"born_in_chaos_v1:zombie_bruiser":1,"minecraft:skeleton":6,"minecraft:pig":2,"minecraft:creeper":7,"difficult_spawners:evil_spirit":2,"minecraft:zombie":7,"undead_unleashed:haunter":1},"minecraft:broken":{"minecraft:stone_pickaxe":7,"minecraft:golden_sword":1},"minecraft:mined":{"minecraft:candle":3,"regions_unexplored:maple_log":14,"butchersdelight:rack":1,"minecraft:jack_o_lantern":2,"minecraft:carved_pumpkin":1,"minecraft:glow_lichen":1,"minecraft:spruce_trapdoor":2,"minecraft:granite":46,"minecraft:grass_block":1,"minecraft:soul_campfire":1,"regions_unexplored:maple_leaves":2,"minecraft:spawner":1,"minecraft:hay_block":4,"minecraft:redstone_ore":32,"regions_unexplored:larch_door":3,"minecraft:oak_trapdoor":1,"minecraft:furnace":2,"minecraft:iron_ore":86,"minecraft:andesite":116,"treechop:chopped_log":5,"minecraft:polished_deepslate":6,"supplementaries:stick":1,"minecraft:lantern":8,"regions_unexplored:medium_grass":8,"regions_unexplored:larch_log":5,"minecraft:stone":652,"immersiveengineering:ore_aluminum":13,"supplementaries:wall_lantern":7,"minecraft:deepslate_redstone_ore":1,"hexerei:herb_drying_rack":1,"quark:oak_chest":1,"boh:kindness_flower":6,"minecraft:crafting_table":6,"minecraft:torch":8,"regions_unexplored:peat_grass_block":7,"undead_unleashed:grave_soil":2,"minecraft:chest":2,"minecraft:rose_bush":9,"minecraft:copper_ore":34,"minecraft:cobblestone":1,"minecraft:sugar_cane":2,"minecraft:oak_planks":2,"minecraft:diorite":124,"minecraft:wall_torch":22,"minecraft:cauldron":1,"deep_dark_regrowth:sculk_moss":1,"minecraft:birch_log":23,"minecraft:sweet_berry_bush":7,"minecraft:birch_leaves":1,"minecraft:black_bed":1,"minecraft:stone_brick_stairs":1,"minecraft:grass":10,"minecraft:oak_log":44,"minecraft:coal_ore":95,"regions_unexplored:peat_dirt":6,"minecraft:gravel":21,"minecraft:dirt":20,"minecraft:cobweb":1,"minecraft:cracked_stone_bricks":1,"realmrpg_skeletons:mushroomer_skeleton":1,"minecraft:stone_bricks":1,"minecraft:gold_ore":16,"minecraft:deepslate":3},"minecraft:dropped":{"minecraft:wheat_seeds":3,"minecraft:polished_deepslate":9,"minecraft:soul_soil":1,"minecraft:oak_trapdoor":1,"undead_unleashed:grave_metal_sword":1,"minecraft:stone_pickaxe":3,"minecraft:stone_brick_stairs":2,"immersiveengineering:seed":2},"minecraft:custom":{"minecraft:mob_kills":27,"minecraft:interact_with_crafting_table":59,"minecraft:interact_with_campfire":24,"minecraft:leave_game":3,"minecraft:time_since_death":108412,"minecraft:climb_one_cm":2793,"minecraft:sprint_one_cm":186951,"minecraft:walk_one_cm":373876,"minecraft:drop":15,"minecraft:play_time":172941,"minecraft:deaths":1,"minecraft:sneak_time":4276,"minecraft:walk_under_water_one_cm":2305,"minecraft:jump":1645,"minecraft:interact_with_blast_furnace":3,"minecraft:walk_on_water_one_cm":9720,"minecraft:total_world_time":172941,"minecraft:interact_with_furnace":34,"minecraft:time_since_rest":108521,"minecraft:damage_taken":1119,"minecraft:damage_dealt":5036,"minecraft:swim_one_cm":17045,"minecraft:fly_one_cm":218546,"minecraft:open_chest":97,"minecraft:crouch_one_cm":11966,"minecraft:fall_one_cm":22919}},"DataVersion":3120}