{"stats":{"minecraft:crafted":{"regions_unexplored:larch_fence":3,"minecraft:smooth_stone":6,"minecraft:oak_planks":248,"immersiveengineering:hammer":1,"minecraft:barrel":1,"quark:birch_chest":8,"immersiveengineering:plate_aluminum":4,"minecraft:oak_pressure_plate":1,"regions_unexplored:maple_planks":264,"minecraft:birch_slab":132,"immersiveengineering:manual":1,"quark:birch_ladder":8,"regions_unexplored:larch_planks":36,"minecraft:stone":10,"minecraft:cobblestone_stairs":8,"supplementaries:bamboo_spikes":110,"minecraft:lever":1,"minecraft:heavy_weighted_pressure_plate":5,"minecraft:cooked_mutton":12,"butchersdelight:rack":1,"minecraft:glass":40,"immersiveengineering:ingot_silver":7,"regions_unexplored:larch_door":6,"immersiveengineering:screwdriver":1,"minecraft:diamond_helmet":1,"minecraft:bow":1,"minecraft:diamond_leggings":1,"minecraft:iron_boots":1,"minecraft:chest":5,"minecraft:iron_door":6,"minecraft:copper_block":13,"minecraft:birch_button":2,"immersiveengineering:ingot_aluminum":13,"minecraft:smoker":1,"minecraft:item_frame":13,"travelersbackpack:iron_tier_upgrade":1,"minecraft:diamond_axe":1,"minecraft:crafting_table":7,"travelersbackpack:standard":2,"minecraft:wooden_pickaxe":1,"minecraft:iron_helmet":1,"minecraft:smithing_table":1,"minecraft:copper_ingot":84,"butchersdelight:cleaver":2,"minecraft:birch_planks":252,"butchersdelightfoods:cookedsheeprack":16,"minecraft:iron_chestplate":2,"minecraft:book":1,"minecraft:paper":3,"minecraft:diamond_pickaxe":1,"minecraft:charcoal":18,"minecraft:shield":1,"minecraft:light_weighted_pressure_plate":3,"minecraft:stick":96,"quark:oak_chest":9,"minecraft:iron_ingot":105,"minecraft:compass":1,"minecraft:iron_pickaxe":6,"minecraft:stone_sword":1,"minecraft:gold_ingot":25,"minecraft:oak_door":3,"minecraft:redstone":5,"minecraft:coal":9,"minecraft:iron_nugget":9,"minecraft:spyglass":1,"immersiveengineering:stick_iron":4,"minecraft:stone_button":4,"minecraft:furnace":5,"minecraft:blast_furnace":1,"regions_unexplored:larch_pressure_plate":7,"minecraft:bone_meal":180,"butchersdelightfoods:cookedsheepshank":2,"travelersbackpack:gold_tier_upgrade":1,"travelersbackpack:blank_upgrade":4,"minecraft:oak_trapdoor":2,"travelersbackpack:white_sleeping_bag":1,"minecraft:ladder":8,"minecraft:iron_axe":1,"butchersdelight:roaster":2,"immersiveengineering:wirecutter":1,"minecraft:stone_pickaxe":10,"minecraft:diamond_boots":1,"minecraft:redstone_block":15,"travelersbackpack:diamond_tier_upgrade":1,"undead_unleashed:grave_metal_ingot":2,"minecraft:wheat":81,"minecraft:coal_block":7,"minecraft:diamond_sword":1,"butchersdelight:hook":2,"travelersbackpack:backpack_tank":6,"minecraft:iron_sword":1,"hexerei:herb_drying_rack":1,"minecraft:stone_axe":1,"minecraft:bread":12,"minecraft:air":0,"butchersdelightfoods:cooked_sheeploin":16,"minecraft:iron_shovel":1,"minecraft:iron_leggings":1,"regions_unexplored:larch_slab":42,"minecraft:torch":112,"butchersdelightfoods:cookedporkloin":8,"minecraft:clay":1,"minecraft:lapis_block":5,"minecraft:diamond_chestplate":1},"minecraft:killed_by":{"minecraft:creeper":2,"spore:inf_player":3,"minecraft:player":1,"minecraft:skeleton":3},"minecraft:used":{"minecraft:iron_shovel":206,"minecraft:polished_deepslate":3,"minecraft:ladder":4,"minecraft:chest":5,"minecraft:shield":44,"butchersdelight:hook":13,"undead_unleashed:grave_metal_sword":102,"fantasyfurniture:royal/floor_light":2,"fantasyfurniture:royal/oven":2,"fantasyfurniture:dunmer/cushion":2,"quark:birch_ladder":6,"fantasyfurniture:nordic/bookshelf":4,"minecraft:lantern":15,"minecraft:item_frame":18,"fantasyfurniture:royal/table_wide":6,"minecraft:birch_button":4,"minecraft:golden_sword":9,"minecraft:sweet_berries":22,"minecraft:furnace":8,"butchersdelightfoods:cookedporkribs":9,"regions_unexplored:silver_birch_log":1,"minecraft:diorite":8,"minecraft:stone_pickaxe":1198,"minecraft:oak_planks":11,"minecraft:wooden_pickaxe":10,"minecraft:clay":1,"minecraft:sugar_cane":14,"minecraft:diamond_axe":441,"minecraft:golden_apple":2,"minecraft:sand":2,"fantasyfurniture:dunmer/bed_double":1,"minecraft:blast_furnace":2,"minecraft:black_bed":3,"regions_unexplored:larch_slab":125,"quark:cobblestone_bricks_wall":2,"fantasyfurniture:dunmer/carpet":6,"regions_unexplored:larch_stairs":3,"minecraft:birch_slab":6,"minecraft:stone_button":8,"minecraft:heavy_weighted_pressure_plate":11,"minecraft:bread":14,"fantasyfurniture:nordic/drawer":2,"butchersdelight:roaster":3,"minecraft:iron_door":17,"minecraft:gravel":2,"regions_unexplored:larch_pressure_plate":9,"butchersdelightfoods:cooked_ham":3,"regions_unexplored:larch_door":10,"minecraft:diamond_sword":275,"minecraft:cooked_rabbit":1,"minecraft:smithing_table":2,"minecraft:andesite":14,"minecraft:birch_log":4,"supplementaries:bamboo_spikes":168,"minecraft:bone_meal":181,"butchersdelightfoods:cooked_sheeploin":11,"minecraft:oak_trapdoor":2,"quark:birch_chest":4,"minecraft:stone_sword":84,"butchersdelightfoods:cookedporkloin":7,"minecraft:cooked_chicken":2,"minecraft:dirt":18,"minecraft:oak_door":1,"minecraft:stick":1,"regions_unexplored:maple_planks":93,"minecraft:torch":146,"minecraft:spyglass":7,"fantasyfurniture:royal/chair":6,"fantasyfurniture:royal/chandelier":6,"regions_unexplored:larch_fence":4,"minecraft:light_weighted_pressure_plate":7,"minecraft:iron_axe":151,"minecraft:bamboo":85,"minecraft:barrel":1,"fantasyfurniture:dunmer/wall_light":10,"hexerei:herb_drying_rack":5,"minecraft:cobbled_deepslate":78,"minecraft:cooked_mutton":9,"minecraft:cobblestone_stairs":12,"minecraft:birch_planks":1,"quark:cobblestone_bricks":11,"regions_unexplored:peat_dirt":26,"minecraft:crafting_table":14,"minecraft:campfire":1,"minecraft:smoker":2,"minecraft:oak_log":1,"minecraft:diamond_pickaxe":44,"minecraft:iron_pickaxe":784,"minecraft:suspicious_stew":1,"travelersbackpack:white_sleeping_bag":1,"minecraft:spruce_trapdoor":2,"minecraft:stone_axe":127,"fantasyfurniture:furniture_station":2,"fantasyfurniture:decorations/venthyr_banner":2,"butchersdelightfoods:cookedsheeprack":16,"minecraft:cobblestone":92,"fantasyfurniture:royal/wardrobe_bottom":2,"travelersbackpack:standard":3,"minecraft:purple_bed":2,"minecraft:cooked_porkchop":3,"quark:oak_chest":11,"regions_unexplored:maple_log":1,"butchersdelight:rack":2,"minecraft:candle":1},"minecraft:picked_up":{"regions_unexplored:pointed_redstone":1,"minecraft:iron_chestplate":2,"minecraft:redstone_block":15,"butchersdelightfoods:legcow":8,"regions_unexplored:larch_planks":31,"minecraft:smithing_table":1,"regions_unexplored:silt_dirt":11,"minecraft:diamond_sword":5,"minecraft:birch_button":2,"butchersdelightfoods:cooked_ham":8,"regions_unexplored:maple_planks":7,"minecraft:stone_brick_stairs":3,"minecraft:lapis_block":5,"minecraft:amethyst_block":46,"minecraft:polished_deepslate":15,"minecraft:string":11,"minecraft:raw_copper":127,"minecraft:soul_soil":4,"minecraft:iron_leggings":1,"minecraft:cobbled_deepslate":326,"minecraft:gold_nugget":16,"minecraft:smooth_stone":3,"minecraft:spruce_planks":2,"minecraft:light_weighted_pressure_plate":7,"undead_unleashed:grave_metal_sword":5,"regions_unexplored:larch_log":9,"minecraft:rose_bush":18,"minecraft:redstone_torch":1,"minecraft:calcite":6,"minecraft:coal_block":6,"minecraft:furnace":6,"minecraft:iron_boots":2,"minecraft:stick":221,"minecraft:torch":92,"minecraft:porkchop":14,"minecraft:dried_kelp":1,"minecraft:diorite":268,"minecraft:rabbit_foot":1,"minecraft:cauldron":2,"fantasyfurniture:furniture_station":1,"minecraft:stone_sword":1,"minecraft:rotten_flesh":44,"butchersdelightfoods:ham":14,"hexerei:herb_drying_rack":4,"supplementaries:ash":1,"minecraft:snowball":16,"minecraft:cobblestone":1231,"regions_unexplored:golden_larch_sapling":8,"minecraft:birch_log":76,"butchersdelightfoods:beeftenderloin":8,"minecraft:feather":10,"minecraft:cooked_beef":5,"minecraft:iron_door":15,"minecraft:birch_slab":8,"minecraft:andesite":207,"minecraft:black_bed":2,"minecraft:brown_wool":1,"minecraft:copper_block":13,"minecraft:smoker":1,"minecraft:potato":5,"butchersdelight:deadpig":19,"minecraft:flint":1,"minecraft:tuff":27,"supplementaries:flax_seeds":2,"butchersdelightfoods:cookedporkloin":8,"minecraft:lapis_lazuli":103,"minecraft:dirt":125,"minecraft:lantern":15,"born_in_chaos_v1:monster_skin":1,"minecraft:bone":34,"butchersdelightfoods:cookedbeefribs":2,"butchersdelightfoods:cookedsheeprack":6,"minecraft:wheat_seeds":10,"minecraft:raw_gold":16,"minecraft:grindstone":1,"immersiveengineering:plate_aluminum":4,"regions_unexplored:larch_trapdoor":5,"minecraft:rabbit":1,"minecraft:bamboo":417,"regions_unexplored:larch_shrub":4,"minecraft:oak_planks":14,"hexerei:animal_fat":21,"regions_unexplored:larch_stairs":4,"spore:cerebrum":1,"minecraft:cooked_porkchop":5,"hexerei:sage":6,"minecraft:sand":57,"butchersdelightfoods:porkloin":14,"regions_unexplored:larch_door":6,"butchersdelight:skullcow":10,"butchersdelight:cow_hide":8,"immersiveengineering:raw_aluminum":27,"regions_unexplored:larch_slab":144,"minecraft:ink_sac":6,"quark:cobblestone_bricks_wall":6,"butchersdelightfoods:beefribs":8,"regions_unexplored:cattail":1,"travelersbackpack:white_sleeping_bag":1,"supplementaries:bamboo_spikes":60,"minecraft:diamond":74,"minecraft:bone_meal":1,"minecraft:granite":121,"minecraft:golden_apple":2,"born_in_chaos_v1:rotten_fish":6,"butchersdelightfoods:sheepshank":12,"butchersdelight:hook":6,"minecraft:jack_o_lantern":4,"minecraft:oak_sapling":5,"regions_unexplored:larch_fence":9,"minecraft:charcoal":6,"minecraft:coarse_dirt":2,"minecraft:crafting_table":8,"minecraft:chicken":5,"minecraft:ladder":9,"minecraft:clay_ball":140,"minecraft:cooked_rabbit":1,"minecraft:shield":2,"minecraft:heavy_weighted_pressure_plate":10,"regions_unexplored:larch_fence_gate":1,"immersiveengineering:ingot_aluminum":9,"minecraft:oak_trapdoor":1,"butchersdelight:deadrabbitbrown":6,"minecraft:item_frame":6,"regions_unexplored:orange_maple_sapling":24,"butchersdelightfoods:cookedporkribs":18,"butchersdelight:dead_cow":7,"undead_unleashed:grave_metal_ingot":2,"butchersdelightfoods:sheeploin":26,"minecraft:cracked_stone_bricks":3,"minecraft:candle":6,"regions_unexplored:maple_leaf_pile":1,"minecraft:beef":8,"minecraft:iron_nugget":7,"minecraft:birch_sapling":12,"minecraft:sugar_cane":59,"minecraft:chest":5,"butchersdelightfoods:porkribs":14,"minecraft:spruce_trapdoor":2,"minecraft:egg":2,"cotw:witherstone":3,"minecraft:raw_iron":103,"regions_unexplored:silver_birch_leaf_pile":6,"minecraft:copper_ingot":5,"quark:birch_chest":4,"minecraft:stone_button":6,"minecraft:redstone":157,"butchersdelightfoods:cooked_leg_cow":2,"minecraft:tnt":1,"hexerei:sage_seed":9,"minecraft:stone_shovel":1,"minecraft:arrow":17,"butchersdelight:deadsheep":13,"regions_unexplored:maple_sapling":3,"butchersdelightfoods:coockedbeeftenderloin":2,"minecraft:hay_block":9,"minecraft:gold_ingot":10,"butchersdelightfoods:sheeprack":12,"butchersdelight:roaster":1,"minecraft:mutton":24,"minecraft:white_wool":41,"minecraft:rail":10,"minecraft:stripped_oak_log":1,"regions_unexplored:peat_dirt":71,"born_in_chaos_v1:monster_flesh":1,"minecraft:salmon":1,"minecraft:leather":9,"minecraft:red_mushroom_block":32,"regions_unexplored:orange_maple_shrub":1,"minecraft:birch_planks":1,"minecraft:oak_log":108,"regions_unexplored:red_maple_sapling":3,"fantasyfurniture:dunmer/carpet":6,"minecraft:gunpowder":23,"minecraft:cobblestone_stairs":8,"butchersdelight:rack":2,"minecraft:blue_bed":2,"minecraft:cooked_mutton":6,"butchersdelight:deadchiken":3,"quark:music_disc_crickets":1,"minecraft:stone_bricks":3,"minecraft:apple":6,"boh:kindness_flower":12,"minecraft:kelp":4,"minecraft:rabbit_hide":1,"minecraft:iron_ingot":12,"minecraft:stone_pickaxe":2,"minecraft:cooked_chicken":5,"spore:mutated_fiber":2,"minecraft:glass_bottle":1,"immersiveengineering:ingot_silver":7,"regions_unexplored:silver_birch_sapling":5,"minecraft:smooth_basalt":10,"minecraft:sweet_berries":13,"regions_unexplored:oak_shrub":2,"minecraft:gravel":50,"minecraft:amethyst_shard":19,"undead_unleashed:grave_metal_scrap":37,"minecraft:spruce_sapling":18,"minecraft:blast_furnace":2,"minecraft:spruce_log":29,"quark:oak_chest":10,"minecraft:spider_eye":4,"quark:cobblestone_bricks":6,"butchersdelight:sheephide":21,"minecraft:purple_bed":3,"immersiveengineering:seed":11,"regions_unexplored:silver_birch_log":31,"regions_unexplored:larch_pressure_plate":6,"minecraft:iron_helmet":1,"regions_unexplored:maple_log":90,"regions_unexplored:stripped_maple_log":1,"minecraft:coal":211},"minecraft:killed":{"minecraft:witch":1,"graveyard:skeleton_creeper":1,"minecraft:spider":8,"minecraft:skeleton":13,"minecraft:chicken":3,"minecraft:pig":15,"minecraft:creeper":12,"minecraft:sheep":13,"spore:inf_human":1,"minecraft:zombie":9,"undead_unleashed:shadewraith":1,"born_in_chaos_v1:dread_hound":1,"undead_unleashed:haunter":3,"minecraft:cow":6,"graveyard:revenant":1,"born_in_chaos_v1:zombie_bruiser":1,"tenebrous_lands:eynelvoonge":1,"minecraft:drowned":16,"born_in_chaos_v1:corpse_fish":1,"minecraft:rabbit":7,"minecraft:squid":2,"born_in_chaos_v1:decrepit_skeleton":1,"spore:inf_pillager":1,"difficult_spawners:evil_spirit":2,"cotw:harvester":1,"boh:jeff_the_killer":1},"minecraft:broken":{"minecraft:stone_pickaxe":9,"minecraft:golden_sword":1,"undead_unleashed:grave_metal_sword":1,"minecraft:iron_pickaxe":3},"minecraft:mined":{"regions_unexplored:maple_planks":7,"regions_unexplored:maple_log":14,"minecraft:cobblestone_stairs":8,"minecraft:carved_pumpkin":1,"regions_unexplored:cattail":1,"minecraft:spruce_trapdoor":2,"minecraft:granite":60,"minecraft:budding_amethyst":4,"minecraft:grass_block":16,"quark:cobblestone_bricks_wall":6,"fantasyfurniture:bone/wither/bed_single":1,"regions_unexplored:larch_stairs":1,"minecraft:spawner":1,"minecraft:tall_seagrass":4,"regions_unexplored:stone_bud":1,"minecraft:iron_ore":103,"minecraft:deepslate_lapis_ore":4,"supplementaries:stick":1,"regions_unexplored:maple_leaf_pile":2,"regions_unexplored:larch_log":7,"regions_unexplored:silt_grass_block":2,"minecraft:deepslate_redstone_ore":1,"hexerei:herb_drying_rack":4,"minecraft:kelp_plant":1,"minecraft:smoker":1,"minecraft:amethyst_cluster":2,"minecraft:clay":36,"regions_unexplored:stripped_maple_log":1,"quark:cobblestone_bricks":2,"spore:growths_big":2,"minecraft:torch":15,"minecraft:blast_furnace":2,"regions_unexplored:peat_grass_block":27,"undead_unleashed:grave_soil":2,"minecraft:calcite":7,"minecraft:chest":6,"supplementaries:wild_flax":2,"minecraft:cobblestone":7,"minecraft:grindstone":1,"minecraft:sugar_cane":24,"minecraft:oak_planks":2,"minecraft:iron_door":15,"minecraft:wall_torch":52,"minecraft:amethyst_block":23,"minecraft:cauldron":1,"minecraft:seagrass":5,"minecraft:light_weighted_pressure_plate":7,"realmrpg_skeletons:bow_skeleton":1,"minecraft:birch_log":24,"minecraft:black_bed":3,"regions_unexplored:larch_fence":12,"minecraft:stone_brick_stairs":1,"fantasyfurniture:dunmer/carpet":6,"minecraft:grass":34,"quark:birch_chest":4,"regions_unexplored:oak_shrub":2,"butchersdelight:hook":6,"minecraft:oak_log":100,"regions_unexplored:peat_dirt":15,"minecraft:birch_button":2,"minecraft:sand":57,"minecraft:dirt":50,"minecraft:smooth_basalt":11,"realmrpg_skeletons:mushroomer_skeleton":1,"minecraft:oak_leaves":4,"minecraft:deepslate":323,"spore:remains":1,"minecraft:tuff":27,"minecraft:deepslate_diamond_ore":55,"minecraft:candle":3,"butchersdelight:rack":2,"fantasyfurniture:furniture_station":1,"minecraft:jack_o_lantern":2,"minecraft:glow_lichen":1,"minecraft:ladder":3,"minecraft:stone_button":6,"travelersbackpack:white_sleeping_bag":1,"minecraft:soul_campfire":1,"regions_unexplored:maple_leaves":2,"minecraft:birch_slab":12,"minecraft:large_fern":1,"minecraft:hay_block":9,"minecraft:redstone_ore":32,"regions_unexplored:larch_door":7,"minecraft:oak_trapdoor":1,"minecraft:furnace":6,"minecraft:heavy_weighted_pressure_plate":9,"supplementaries:bamboo_spikes":37,"minecraft:snow":22,"regions_unexplored:larch_slab":72,"minecraft:andesite":120,"treechop:chopped_log":25,"regions_unexplored:frozen_grass":4,"regions_unexplored:larch_pressure_plate":2,"minecraft:polished_deepslate":6,"minecraft:lantern":8,"minecraft:stripped_oak_log":1,"regions_unexplored:medium_grass":36,"minecraft:bamboo_sapling":1,"minecraft:bamboo":98,"minecraft:stone":746,"immersiveengineering:ore_aluminum":13,"supplementaries:wall_lantern":7,"minecraft:smithing_table":1,"quark:oak_chest":10,"regions_unexplored:larch_trapdoor":1,"boh:kindness_flower":6,"minecraft:crafting_table":8,"minecraft:rose_bush":9,"regions_unexplored:peat_mud":4,"minecraft:campfire":3,"minecraft:tall_grass":4,"minecraft:copper_ore":35,"minecraft:lapis_ore":8,"minecraft:diorite":138,"minecraft:blue_bed":2,"minecraft:birch_planks":1,"minecraft:purple_bed":3,"deep_dark_regrowth:sculk_moss":1,"regions_unexplored:larch_fence_gate":1,"minecraft:redstone_torch":1,"minecraft:sweet_berry_bush":9,"minecraft:birch_leaves":1,"minecraft:coal_ore":160,"minecraft:gravel":23,"minecraft:cobweb":6,"minecraft:cracked_stone_bricks":1,"minecraft:stone_bricks":1,"minecraft:gold_ore":16,"regions_unexplored:larch_shrub":3},"minecraft:dropped":{"minecraft:iron_sword":1,"butchersdelight:dead_cow":1,"minecraft:birch_planks":84,"butchersdelightfoods:cooked_ham":4,"cotw:witherstone":2,"regions_unexplored:larch_planks":63,"fantasyfurniture:bone/wither/bed_single":1,"minecraft:birch_slab":2,"minecraft:item_frame":1,"butchersdelightfoods:cookedporkloin":5,"butchersdelightfoods:cookedsheeprack":6,"regions_unexplored:golden_larch_sapling":6,"minecraft:iron_pickaxe":2,"hexerei:sage":3,"minecraft:bone":1,"regions_unexplored:larch_pressure_plate":6,"butchersdelight:cleaver":1,"butchersdelight:deadsheep":1,"minecraft:birch_sapling":1,"minecraft:cooked_mutton":9,"regions_unexplored:cattail":1,"regions_unexplored:larch_fence":4,"minecraft:ladder":3,"minecraft:stone_brick_stairs":2,"immersiveengineering:seed":2,"minecraft:iron_ingot":2,"minecraft:wheat_seeds":14,"supplementaries:bamboo_spikes":10,"butchersdelightfoods:coockedbeeftenderloin":1,"minecraft:iron_helmet":2,"minecraft:stick":65,"butchersdelight:skullcow":2,"minecraft:torch":30,"minecraft:dried_kelp":1,"minecraft:iron_leggings":2,"minecraft:iron_axe":1,"minecraft:string":1,"minecraft:polished_deepslate":9,"regions_unexplored:larch_shrub":2,"minecraft:soul_soil":1,"minecraft:oak_trapdoor":1,"minecraft:stone_sword":1,"regions_unexplored:larch_trapdoor":5,"minecraft:stone_shovel":2,"butchersdelightfoods:cooked_sheeploin":5,"minecraft:iron_boots":3,"butchersdelightfoods:cookedsheepshank":16,"undead_unleashed:grave_metal_sword":4,"regions_unexplored:larch_slab":10,"minecraft:pumpkin_seeds":4,"minecraft:diamond_sword":4,"minecraft:potato":5,"butchersdelight:deadrabbitbrown":1,"minecraft:iron_chestplate":3,"minecraft:spider_eye":1,"minecraft:stone_pickaxe":3,"fantasyfurniture:bone/wither/bed_double":1},"minecraft:custom":{"minecraft:interact_with_crafting_table":182,"minecraft:leave_game":8,"minecraft:time_since_death":22563,"minecraft:sprint_one_cm":991717,"minecraft:damage_blocked_by_shield":2780,"minecraft:drop":110,"minecraft:play_time":632275,"minecraft:deaths":9,"minecraft:jump":6872,"minecraft:walk_on_water_one_cm":114882,"minecraft:interact_with_furnace":58,"minecraft:damage_dealt":19419,"minecraft:crouch_one_cm":152190,"minecraft:interact_with_smoker":24,"minecraft:interact_with_smithing_table":5,"minecraft:mob_kills":131,"minecraft:interact_with_campfire":56,"minecraft:climb_one_cm":44405,"minecraft:walk_one_cm":1492041,"minecraft:sneak_time":42870,"minecraft:walk_under_water_one_cm":55877,"minecraft:interact_with_blast_furnace":31,"minecraft:total_world_time":632275,"minecraft:time_since_rest":22612,"minecraft:damage_absorbed":80,"minecraft:damage_taken":7499,"minecraft:swim_one_cm":103235,"minecraft:fly_one_cm":1313830,"minecraft:open_chest":965,"minecraft:fall_one_cm":119372}},"DataVersion":3120}