{"stats":{"minecraft:used":{"minecraft:wooden_axe":11,"minecraft:apple":2,"regions_unexplored:maple_door":1,"minecraft:chest":6,"minecraft:wooden_shovel":33,"minecraft:salmon":2,"regions_unexplored:maple_planks":69,"minecraft:torch":9,"minecraft:dirt":2,"minecraft:crafting_table":2},"minecraft:mined":{"regions_unexplored:maple_planks":5,"treechop:chopped_log":1,"minecraft:crafting_table":1,"minecraft:torch":4,"minecraft:grass":9,"minecraft:grass_block":17,"minecraft:chest":4,"minecraft:dirt":8},"minecraft:custom":{"minecraft:time_since_rest":20199,"minecraft:sprint_one_cm":73250,"minecraft:damage_taken":50,"minecraft:walk_one_cm":62717,"minecraft:interact_with_crafting_table":5,"minecraft:swim_one_cm":2725,"minecraft:fly_one_cm":105814,"minecraft:open_chest":3,"minecraft:crouch_one_cm":1027,"minecraft:play_time":20199,"minecraft:sneak_time":356,"minecraft:walk_under_water_one_cm":1002,"minecraft:jump":400,"minecraft:walk_on_water_one_cm":2504,"minecraft:time_since_death":20199,"minecraft:climb_one_cm":12,"minecraft:total_world_time":20199,"minecraft:fall_one_cm":10741},"minecraft:picked_up":{"minecraft:stick":20,"minecraft:crafting_table":1,"minecraft:salmon":3,"minecraft:torch":4,"regions_unexplored:maple_planks":5,"minecraft:dirt":24,"minecraft:apple":2,"regions_unexplored:maple_sapling":21,"minecraft:wheat_seeds":1,"regions_unexplored:maple_log":44,"minecraft:chest":4},"minecraft:crafted":{"minecraft:wooden_sword":1,"minecraft:wooden_shovel":1,"minecraft:crafting_table":1,"minecraft:stick":4,"regions_unexplored:maple_planks":164,"minecraft:wooden_pickaxe":1,"minecraft:wooden_axe":1,"minecraft:chest":2,"regions_unexplored:maple_door":3}},"DataVersion":3120}