{"stats":{"minecraft:crafted":{"minecraft:wooden_sword":2,"minecraft:oak_door":3,"minecraft:oak_planks":28,"minecraft:stone_shovel":1,"regions_unexplored:maple_planks":384,"minecraft:furnace":1,"minecraft:stone_pickaxe":1,"minecraft:chest":4,"regions_unexplored:maple_door":3,"minecraft:cooked_beef":1,"minecraft:wooden_shovel":1,"minecraft:cooked_porkchop":6,"minecraft:crafting_table":2,"minecraft:wooden_pickaxe":2,"minecraft:cooked_salmon":5,"minecraft:campfire":1,"minecraft:stone_axe":1,"minecraft:air":0,"minecraft:charcoal":24,"minecraft:stick":32,"minecraft:wooden_axe":2,"minecraft:stone_sword":1,"minecraft:torch":72},"minecraft:killed_by":{"minecraft:creeper":1,"minecraft:spider":1,"minecraft:skeleton":4,"minecraft:zombie":1,"minecraft:pig":1},"minecraft:used":{"regions_unexplored:silt_dirt":1,"minecraft:stone_sword":29,"regions_unexplored:maple_door":1,"minecraft:stone_shovel":136,"minecraft:chest":8,"minecraft:iron_sword":73,"minecraft:wooden_shovel":72,"minecraft:cooked_salmon":4,"minecraft:oak_door":2,"regions_unexplored:maple_planks":238,"minecraft:stick":1,"minecraft:torch":29,"minecraft:dirt":136,"fantasyfurniture:bone/wither/bed_single":2,"minecraft:wooden_axe":94,"minecraft:furnace":1,"butchersdelightfoods:coockedbeeftenderloin":1,"minecraft:stone_pickaxe":109,"minecraft:oak_planks":2,"minecraft:wooden_pickaxe":56,"minecraft:salmon":3,"butchersdelight:skullcow":1,"minecraft:crafting_table":3,"minecraft:campfire":1,"minecraft:apple":7,"minecraft:iron_pickaxe":52,"butchersdelightfoods:cooked_ham":4,"minecraft:stone_axe":8,"minecraft:wooden_sword":39,"minecraft:cobblestone":20,"fantasyfurniture:bone/wither/bed_double":1,"minecraft:cooked_porkchop":6,"regions_unexplored:maple_log":3,"butchersdelightfoods:cooked_sheeploin":2},"minecraft:picked_up":{"minecraft:iron_chestplate":1,"minecraft:crafting_table":1,"butchersdelightfoods:legcow":2,"minecraft:chicken":5,"regions_unexplored:silt_dirt":3,"butchersdelightfoods:cooked_ham":4,"regions_unexplored:maple_planks":27,"minecraft:cornflower":1,"minecraft:string":3,"minecraft:iron_axe":1,"minecraft:raw_copper":46,"minecraft:iron_leggings":1,"regions_unexplored:orange_maple_sapling":4,"butchersdelight:cleaver":1,"butchersdelight:dead_cow":1,"regions_unexplored:silt_podzol":3,"butchersdelight:deadrabbitbrown":1,"minecraft:beef":2,"regions_unexplored:maple_leaf_pile":4,"minecraft:iron_pickaxe":1,"minecraft:poppy":1,"minecraft:chest":4,"minecraft:iron_boots":1,"minecraft:egg":5,"butchersdelightfoods:cooked_sheeploin":5,"minecraft:stick":86,"minecraft:oak_door":1,"minecraft:torch":11,"hexerei:sage_seed":6,"minecraft:stone_shovel":1,"butchersdelight:deadsheep":1,"minecraft:arrow":2,"minecraft:rotten_flesh":7,"regions_unexplored:maple_sapling":26,"minecraft:peony":6,"butchersdelightfoods:coockedbeeftenderloin":3,"supplementaries:ash":1,"butchersdelight:roaster":1,"minecraft:cobblestone":95,"minecraft:oxeye_daisy":3,"butchersdelightfoods:beeftenderloin":2,"minecraft:feather":10,"minecraft:salmon":12,"minecraft:andesite":3,"butchersdelight:deadpig":2,"minecraft:oak_log":7,"regions_unexplored:red_maple_sapling":45,"butchersdelightfoods:cookedporkloin":5,"minecraft:dirt":213,"minecraft:cooked_mutton":3,"butchersdelight:deadchiken":3,"minecraft:bone":3,"minecraft:apple":5,"minecraft:wheat_seeds":11,"minecraft:iron_ingot":2,"minecraft:iron_sword":2,"minecraft:oak_planks":2,"hexerei:animal_fat":1,"fantasyfurniture:bone/wither/bed_single":2,"butchersdelight:skullcow":4,"butchersdelight:cow_hide":2,"immersiveengineering:raw_aluminum":4,"undead_unleashed:grave_metal_scrap":1,"butchersdelightfoods:beefribs":2,"minecraft:mossy_cobblestone":14,"minecraft:blue_terracotta":3,"immersiveengineering:seed":4,"minecraft:iron_helmet":1,"minecraft:granite":1,"regions_unexplored:maple_log":152,"minecraft:bone_meal":2,"minecraft:terracotta":3,"minecraft:oak_sapling":1,"fantasyfurniture:bone/wither/bed_double":1,"minecraft:coal":31},"minecraft:killed":{"minecraft:spider":3,"minecraft:zoglin":1,"minecraft:chicken":3,"minecraft:pig":3,"minecraft:salmon":7,"minecraft:enderman":1},"minecraft:broken":{"minecraft:wooden_shovel":1,"minecraft:wooden_axe":1},"minecraft:mined":{"regions_unexplored:maple_planks":25,"regions_unexplored:maple_log":1,"minecraft:granite":1,"minecraft:grass_block":130,"minecraft:oxeye_daisy":2,"minecraft:tall_seagrass":1,"regions_unexplored:stone_bud":2,"butchersdelight:roaster":1,"regions_unexplored:mossy_stone":14,"minecraft:andesite":3,"treechop:chopped_log":9,"minecraft:peony":6,"minecraft:vine":1,"supplementaries:stick":1,"regions_unexplored:maple_leaf_pile":3,"regions_unexplored:medium_grass":1,"minecraft:stone":96,"regions_unexplored:silt_grass_block":2,"immersiveengineering:ore_aluminum":5,"minecraft:dandelion":1,"minecraft:crafting_table":1,"minecraft:torch":10,"regions_unexplored:silt_dirt":1,"minecraft:chest":4,"minecraft:copper_ore":11,"minecraft:tall_grass":6,"minecraft:cobblestone":1,"minecraft:oak_planks":2,"minecraft:wall_torch":2,"minecraft:blue_terracotta":5,"born_in_chaos_v1:river_mint":1,"minecraft:grass":52,"minecraft:oak_log":7,"minecraft:coal_ore":31,"minecraft:dirt":65,"regions_unexplored:silt_podzol":3,"minecraft:terracotta":6,"minecraft:oak_leaves":14},"minecraft:dropped":{"minecraft:iron_ingot":1,"butchersdelight:dead_cow":1,"butchersdelightfoods:coockedbeeftenderloin":2,"minecraft:iron_helmet":1,"minecraft:stick":2,"butchersdelight:skullcow":2,"minecraft:iron_leggings":1,"minecraft:iron_boots":1,"minecraft:cooked_mutton":3,"minecraft:iron_chestplate":1},"minecraft:custom":{"minecraft:mob_kills":19,"minecraft:interact_with_crafting_table":33,"minecraft:leave_game":1,"minecraft:time_since_death":3117,"minecraft:climb_one_cm":1590,"minecraft:sprint_one_cm":405625,"minecraft:walk_one_cm":615057,"minecraft:drop":12,"minecraft:play_time":173539,"minecraft:sneak_time":6205,"minecraft:deaths":8,"minecraft:walk_under_water_one_cm":15583,"minecraft:jump":2727,"minecraft:walk_on_water_one_cm":22981,"minecraft:total_world_time":173539,"minecraft:interact_with_furnace":19,"minecraft:time_since_rest":3223,"minecraft:damage_taken":3500,"minecraft:damage_dealt":2352,"minecraft:swim_one_cm":38287,"minecraft:fly_one_cm":571865,"minecraft:open_chest":73,"minecraft:crouch_one_cm":15184,"minecraft:interact_with_smoker":1,"minecraft:fall_one_cm":53812}},"DataVersion":3120}