{"stats":{"minecraft:mined":{"regions_unexplored:maple_planks":26,"regions_unexplored:maple_log":1,"minecraft:granite":4,"minecraft:grass_block":131,"minecraft:oxeye_daisy":2,"minecraft:tall_seagrass":1,"regions_unexplored:stone_bud":2,"butchersdelight:roaster":1,"regions_unexplored:mossy_stone":14,"minecraft:andesite":3,"treechop:chopped_log":10,"minecraft:peony":6,"supplementaries:stick":1,"regions_unexplored:maple_leaf_pile":3,"minecraft:vine":1,"regions_unexplored:medium_grass":1,"minecraft:stone":187,"regions_unexplored:silt_grass_block":2,"immersiveengineering:ore_aluminum":5,"butchersdelight:hookedpig":1,"minecraft:dandelion":1,"minecraft:crafting_table":1,"minecraft:torch":11,"regions_unexplored:silt_dirt":1,"minecraft:chest":4,"minecraft:tall_grass":6,"minecraft:copper_ore":11,"minecraft:cobblestone":3,"minecraft:oak_planks":2,"minecraft:diorite":14,"minecraft:wall_torch":6,"minecraft:blue_terracotta":5,"born_in_chaos_v1:river_mint":1,"minecraft:grass":53,"butchersdelight:hook":2,"minecraft:oak_log":7,"minecraft:coal_ore":58,"minecraft:dirt":65,"regions_unexplored:silt_podzol":3,"minecraft:terracotta":6,"minecraft:oak_leaves":14},"minecraft:picked_up":{"minecraft:crafting_table":1,"minecraft:iron_chestplate":1,"butchersdelightfoods:legcow":2,"minecraft:chicken":5,"regions_unexplored:silt_dirt":3,"butchersdelightfoods:cooked_ham":4,"regions_unexplored:maple_planks":28,"minecraft:cornflower":1,"minecraft:string":6,"minecraft:iron_axe":1,"minecraft:raw_copper":46,"minecraft:iron_leggings":1,"regions_unexplored:orange_maple_sapling":4,"butchersdelight:cleaver":1,"butchersdelight:dead_cow":1,"regions_unexplored:silt_podzol":3,"butchersdelight:deadrabbitbrown":1,"minecraft:beef":2,"regions_unexplored:maple_leaf_pile":4,"minecraft:poppy":1,"minecraft:iron_pickaxe":1,"minecraft:chest":4,"minecraft:iron_boots":1,"minecraft:egg":7,"butchersdelightfoods:cooked_sheeploin":5,"minecraft:stick":87,"minecraft:oak_door":1,"minecraft:torch":16,"minecraft:porkchop":1,"minecraft:diorite":14,"hexerei:sage_seed":6,"minecraft:rotten_flesh":7,"butchersdelight:deadsheep":1,"minecraft:arrow":2,"minecraft:stone_shovel":1,"regions_unexplored:maple_sapling":26,"minecraft:peony":6,"butchersdelightfoods:coockedbeeftenderloin":3,"supplementaries:ash":1,"butchersdelight:roaster":1,"minecraft:cobblestone":181,"minecraft:oxeye_daisy":3,"butchersdelightfoods:beeftenderloin":2,"minecraft:feather":10,"minecraft:andesite":3,"minecraft:salmon":12,"butchersdelight:deadpig":2,"minecraft:oak_log":7,"regions_unexplored:red_maple_sapling":45,"butchersdelightfoods:cookedporkloin":5,"minecraft:dirt":214,"butchersdelight:deadchiken":3,"minecraft:cooked_mutton":3,"minecraft:bone":4,"minecraft:apple":5,"minecraft:wheat_seeds":12,"minecraft:iron_ingot":2,"minecraft:iron_sword":2,"minecraft:oak_planks":2,"hexerei:animal_fat":1,"fantasyfurniture:bone/wither/bed_single":2,"butchersdelight:skullcow":4,"butchersdelight:cow_hide":2,"immersiveengineering:raw_aluminum":4,"undead_unleashed:grave_metal_scrap":1,"minecraft:spruce_sapling":10,"minecraft:spruce_log":15,"butchersdelightfoods:beefribs":2,"minecraft:spider_eye":1,"minecraft:mossy_cobblestone":14,"minecraft:blue_terracotta":3,"immersiveengineering:seed":4,"minecraft:iron_helmet":1,"minecraft:granite":4,"regions_unexplored:maple_log":152,"minecraft:bone_meal":2,"butchersdelight:hook":3,"minecraft:terracotta":3,"minecraft:oak_sapling":1,"fantasyfurniture:bone/wither/bed_double":1,"minecraft:coal":58},"minecraft:custom":{"minecraft:mob_kills":27,"minecraft:interact_with_crafting_table":35,"minecraft:leave_game":2,"minecraft:time_since_death":11263,"minecraft:climb_one_cm":1808,"minecraft:sprint_one_cm":525400,"minecraft:walk_one_cm":738884,"minecraft:drop":12,"minecraft:play_time":231088,"minecraft:deaths":11,"minecraft:sneak_time":8780,"minecraft:walk_under_water_one_cm":15696,"minecraft:jump":3497,"minecraft:walk_on_water_one_cm":23488,"minecraft:total_world_time":231088,"minecraft:interact_with_furnace":26,"minecraft:time_since_rest":11293,"minecraft:damage_taken":4820,"minecraft:damage_dealt":3520,"minecraft:swim_one_cm":39395,"minecraft:fly_one_cm":738098,"minecraft:open_chest":85,"minecraft:crouch_one_cm":21016,"minecraft:interact_with_smoker":1,"minecraft:fall_one_cm":73034},"minecraft:dropped":{"minecraft:iron_ingot":1,"butchersdelight:dead_cow":1,"butchersdelightfoods:coockedbeeftenderloin":2,"minecraft:iron_helmet":1,"minecraft:stick":2,"butchersdelight:skullcow":2,"minecraft:iron_leggings":1,"minecraft:iron_boots":1,"minecraft:cooked_mutton":3,"minecraft:iron_chestplate":1},"minecraft:crafted":{"minecraft:wooden_sword":2,"minecraft:oak_door":3,"minecraft:oak_planks":28,"minecraft:stone_shovel":1,"regions_unexplored:maple_planks":384,"minecraft:furnace":1,"butchersdelightfoods:cooked_leg_cow":6,"minecraft:stone_pickaxe":1,"minecraft:chest":4,"regions_unexplored:maple_door":3,"minecraft:cooked_beef":1,"minecraft:wooden_shovel":1,"minecraft:cooked_porkchop":7,"minecraft:crafting_table":2,"minecraft:wooden_pickaxe":2,"minecraft:cooked_salmon":5,"minecraft:campfire":1,"minecraft:stone_axe":1,"butchersdelightfoods:coockedbeeftenderloin":6,"minecraft:air":0,"minecraft:charcoal":24,"minecraft:stick":36,"minecraft:wooden_axe":4,"minecraft:stone_sword":1,"minecraft:torch":72},"minecraft:used":{"regions_unexplored:silt_dirt":1,"minecraft:stone_sword":29,"regions_unexplored:maple_door":1,"minecraft:stone_shovel":136,"minecraft:chest":8,"butchersdelight:hook":8,"minecraft:iron_sword":117,"minecraft:wooden_shovel":72,"minecraft:cooked_salmon":5,"butchersdelightfoods:cooked_leg_cow":3,"minecraft:oak_door":2,"minecraft:stick":1,"regions_unexplored:maple_planks":239,"minecraft:torch":80,"minecraft:dirt":136,"fantasyfurniture:bone/wither/bed_single":2,"minecraft:wooden_axe":105,"butchersdelight:cleaver":8,"minecraft:furnace":1,"minecraft:egg":1,"minecraft:cooked_beef":2,"minecraft:diorite":9,"butchersdelightfoods:coockedbeeftenderloin":3,"minecraft:stone_pickaxe":109,"minecraft:oak_planks":2,"minecraft:wooden_pickaxe":59,"minecraft:salmon":3,"butchersdelight:skullcow":1,"minecraft:crafting_table":3,"minecraft:campfire":1,"minecraft:apple":7,"minecraft:iron_pickaxe":196,"butchersdelightfoods:cooked_ham":4,"minecraft:stone_axe":8,"minecraft:wooden_sword":39,"minecraft:cobblestone":68,"fantasyfurniture:bone/wither/bed_double":1,"minecraft:cooked_porkchop":6,"regions_unexplored:maple_log":3,"butchersdelightfoods:cooked_sheeploin":2},"minecraft:killed_by":{"minecraft:creeper":1,"minecraft:spider":2,"minecraft:skeleton":6,"minecraft:zombie":1,"minecraft:pig":1},"minecraft:broken":{"minecraft:wooden_shovel":1,"butchersdelight:cleaver":1,"minecraft:wooden_axe":1},"minecraft:killed":{"minecraft:spider":5,"minecraft:zoglin":1,"minecraft:skeleton":2,"minecraft:chicken":3,"minecraft:pig":3,"minecraft:salmon":7,"minecraft:zombie":2,"minecraft:enderman":1}},"DataVersion":3120}