{"stats":{"minecraft:mined":{"regions_unexplored:maple_planks":31,"regions_unexplored:maple_log":1,"minecraft:granite":4,"minecraft:grass_block":194,"fantasyfurniture:bone/wither/bed_single":1,"minecraft:kelp":3,"minecraft:oxeye_daisy":2,"minecraft:hay_block":6,"minecraft:tall_seagrass":1,"regions_unexplored:stone_bud":2,"butchersdelight:roaster":1,"minecraft:iron_ore":3,"regions_unexplored:mossy_stone":14,"minecraft:andesite":3,"treechop:chopped_log":11,"minecraft:peony":6,"fantasyfurniture:bone/wither/bed_double":1,"supplementaries:stick":1,"regions_unexplored:maple_leaf_pile":3,"minecraft:vine":1,"regions_unexplored:medium_grass":7,"minecraft:stone":194,"regions_unexplored:silt_grass_block":2,"immersiveengineering:ore_aluminum":7,"butchersdelight:hookedpig":1,"minecraft:kelp_plant":4,"minecraft:dandelion":1,"boh:kindness_flower":4,"minecraft:crafting_table":1,"minecraft:cornflower":1,"minecraft:torch":12,"regions_unexplored:silt_dirt":1,"minecraft:chest":4,"minecraft:copper_ore":11,"minecraft:tall_grass":11,"minecraft:cobblestone":3,"minecraft:sugar_cane":8,"minecraft:oak_planks":2,"minecraft:diorite":14,"minecraft:wall_torch":7,"minecraft:blue_terracotta":5,"born_in_chaos_v1:river_mint":1,"minecraft:grass":71,"butchersdelight:hook":8,"minecraft:oak_log":10,"minecraft:coal_ore":124,"minecraft:dirt":66,"regions_unexplored:silt_podzol":3,"minecraft:terracotta":6,"minecraft:oak_leaves":16,"minecraft:fern":1},"minecraft:picked_up":{"minecraft:charcoal":2,"minecraft:crafting_table":1,"minecraft:iron_chestplate":1,"butchersdelightfoods:legcow":2,"minecraft:chicken":5,"regions_unexplored:silt_dirt":3,"butchersdelightfoods:cooked_ham":4,"regions_unexplored:maple_planks":32,"minecraft:cornflower":3,"minecraft:string":6,"minecraft:iron_axe":1,"minecraft:raw_copper":46,"minecraft:cooked_salmon":3,"minecraft:iron_leggings":1,"regions_unexplored:orange_maple_sapling":4,"butchersdelight:dead_cow":1,"butchersdelight:cleaver":1,"regions_unexplored:silt_podzol":3,"butchersdelight:deadrabbitbrown":1,"minecraft:beef":2,"regions_unexplored:maple_leaf_pile":4,"minecraft:poppy":1,"minecraft:iron_pickaxe":1,"minecraft:sugar_cane":18,"minecraft:chest":4,"minecraft:iron_boots":1,"minecraft:egg":7,"butchersdelightfoods:cooked_sheeploin":5,"minecraft:stick":87,"minecraft:raw_iron":3,"minecraft:oak_door":1,"minecraft:torch":19,"minecraft:porkchop":1,"minecraft:diorite":14,"hexerei:sage_seed":9,"minecraft:rotten_flesh":7,"minecraft:stone_shovel":1,"butchersdelight:deadsheep":1,"minecraft:arrow":2,"regions_unexplored:maple_sapling":26,"minecraft:peony":6,"butchersdelightfoods:coockedbeeftenderloin":3,"minecraft:hay_block":6,"supplementaries:ash":1,"butchersdelight:roaster":1,"minecraft:cobblestone":188,"minecraft:oxeye_daisy":3,"butchersdelightfoods:beeftenderloin":2,"minecraft:feather":10,"minecraft:andesite":3,"minecraft:salmon":12,"butchersdelight:deadpig":2,"minecraft:oak_log":11,"regions_unexplored:red_maple_sapling":45,"butchersdelightfoods:cookedporkloin":5,"minecraft:dirt":289,"butchersdelight:deadchiken":3,"minecraft:cooked_mutton":3,"minecraft:bone":4,"minecraft:apple":5,"boh:kindness_flower":5,"minecraft:kelp":6,"minecraft:wheat_seeds":19,"minecraft:iron_ingot":2,"minecraft:cooked_chicken":4,"spore:mutated_fiber":1,"minecraft:iron_sword":2,"minecraft:oak_planks":2,"hexerei:animal_fat":1,"fantasyfurniture:bone/wither/bed_single":3,"butchersdelight:cow_hide":2,"butchersdelight:skullcow":4,"immersiveengineering:raw_aluminum":6,"undead_unleashed:grave_metal_scrap":1,"minecraft:spruce_sapling":10,"minecraft:spruce_log":15,"butchersdelightfoods:beefribs":2,"minecraft:spider_eye":1,"minecraft:mossy_cobblestone":14,"minecraft:blue_terracotta":3,"regions_unexplored:fireweed":2,"immersiveengineering:seed":6,"minecraft:iron_helmet":1,"minecraft:granite":4,"regions_unexplored:maple_log":152,"minecraft:bone_meal":2,"minecraft:terracotta":3,"minecraft:baked_potato":12,"minecraft:oak_sapling":1,"butchersdelight:hook":9,"fantasyfurniture:bone/wither/bed_double":2,"minecraft:coal":124},"minecraft:custom":{"minecraft:mob_kills":29,"minecraft:interact_with_crafting_table":50,"minecraft:interact_with_campfire":4,"minecraft:leave_game":7,"minecraft:time_since_death":0,"minecraft:climb_one_cm":1808,"minecraft:sprint_one_cm":845211,"minecraft:walk_one_cm":950094,"minecraft:drop":13,"minecraft:play_time":314748,"minecraft:sneak_time":15199,"minecraft:deaths":14,"minecraft:walk_under_water_one_cm":17423,"minecraft:jump":5039,"minecraft:walk_on_water_one_cm":29663,"minecraft:total_world_time":314748,"minecraft:interact_with_furnace":45,"minecraft:time_since_rest":1456,"minecraft:damage_taken":6150,"minecraft:damage_absorbed":40,"minecraft:damage_dealt":3745,"minecraft:swim_one_cm":51772,"minecraft:fly_one_cm":1111591,"minecraft:open_chest":131,"minecraft:crouch_one_cm":41213,"minecraft:interact_with_smoker":1,"minecraft:fall_one_cm":111062},"minecraft:dropped":{"minecraft:iron_ingot":1,"butchersdelight:dead_cow":1,"butchersdelightfoods:coockedbeeftenderloin":2,"minecraft:iron_helmet":1,"minecraft:stick":2,"minecraft:cobweb":6,"butchersdelight:skullcow":2,"minecraft:iron_leggings":1,"minecraft:iron_boots":1,"minecraft:cooked_mutton":3,"minecraft:iron_chestplate":1},"minecraft:crafted":{"minecraft:wooden_sword":2,"minecraft:oak_door":3,"minecraft:oak_planks":28,"minecraft:stone_shovel":1,"regions_unexplored:maple_planks":392,"minecraft:cooked_chicken":1,"minecraft:furnace":2,"butchersdelightfoods:cooked_leg_cow":6,"butchersdelightfoods:cookedbeefribs":6,"minecraft:stone_pickaxe":2,"minecraft:chest":6,"regions_unexplored:maple_door":6,"minecraft:cooked_beef":1,"minecraft:wooden_shovel":2,"minecraft:cooked_porkchop":7,"minecraft:crafting_table":3,"minecraft:spruce_planks":28,"minecraft:wooden_pickaxe":2,"minecraft:cooked_salmon":5,"minecraft:copper_ingot":16,"minecraft:campfire":3,"minecraft:stone_axe":1,"butchersdelightfoods:coockedbeeftenderloin":6,"minecraft:air":0,"minecraft:charcoal":24,"minecraft:stick":172,"minecraft:iron_ingot":3,"minecraft:iron_pickaxe":1,"minecraft:wooden_axe":4,"minecraft:stone_sword":2,"minecraft:torch":392},"minecraft:used":{"regions_unexplored:silt_dirt":1,"minecraft:stone_sword":42,"regions_unexplored:maple_door":2,"minecraft:stone_shovel":136,"minecraft:poppy":1,"minecraft:spruce_planks":28,"minecraft:chest":10,"butchersdelight:hook":8,"minecraft:iron_sword":125,"minecraft:cooked_salmon":8,"minecraft:cooked_chicken":5,"minecraft:wooden_shovel":100,"minecraft:oak_door":2,"minecraft:stick":1,"butchersdelightfoods:cooked_leg_cow":4,"regions_unexplored:maple_planks":350,"minecraft:torch":133,"minecraft:dirt":164,"fantasyfurniture:bone/wither/bed_single":2,"minecraft:wooden_axe":112,"butchersdelight:cleaver":8,"minecraft:furnace":2,"minecraft:egg":1,"minecraft:cooked_beef":2,"minecraft:diorite":9,"butchersdelightfoods:coockedbeeftenderloin":3,"minecraft:stone_pickaxe":200,"minecraft:baked_potato":2,"minecraft:oak_planks":2,"minecraft:wooden_pickaxe":62,"regions_unexplored:silt_podzol":2,"minecraft:salmon":3,"minecraft:golden_apple":2,"butchersdelight:skullcow":1,"minecraft:crafting_table":4,"minecraft:campfire":3,"minecraft:apple":7,"minecraft:cornflower":1,"minecraft:oxeye_daisy":2,"minecraft:bread":1,"minecraft:iron_pickaxe":196,"butchersdelightfoods:cooked_ham":4,"minecraft:stone_axe":8,"minecraft:wooden_sword":57,"minecraft:cobblestone":87,"fantasyfurniture:bone/wither/bed_double":2,"minecraft:cooked_porkchop":6,"regions_unexplored:maple_log":3,"butchersdelightfoods:cooked_sheeploin":3},"minecraft:killed_by":{"minecraft:wither_skeleton":1,"minecraft:creeper":1,"minecraft:spider":2,"minecraft:skeleton":7,"minecraft:witch":1,"minecraft:zombie":1,"minecraft:pig":1},"minecraft:broken":{"minecraft:wooden_shovel":1,"minecraft:wooden_pickaxe":1,"butchersdelight:cleaver":1,"minecraft:wooden_axe":1},"minecraft:killed":{"minecraft:spider":5,"minecraft:zoglin":1,"minecraft:skeleton":2,"minecraft:chicken":3,"minecraft:pig":3,"minecraft:salmon":7,"minecraft:zombie":2,"spore:inf_human":1,"minecraft:enderman":1}},"DataVersion":3120}