{"stats":{"minecraft:mined":{"regions_unexplored:golden_larch_leaves":2,"minecraft:spruce_planks":9,"regions_unexplored:stripped_larch_log":10,"regions_unexplored:larch_planks":18,"regions_unexplored:cattail":5,"minecraft:granite":2,"minecraft:budding_amethyst":1,"minecraft:grass_block":45,"quark:cobblestone_bricks_wall":4,"regions_unexplored:larch_stairs":25,"minecraft:tall_seagrass":1,"regions_unexplored:pointed_redstone":2,"minecraft:pumpkin":7,"supplementaries:stick":1,"fantasyfurniture:dunmer/bed_double":1,"regions_unexplored:larch_log":141,"quark:cobblestone_bricks_stairs":4,"minecraft:kelp_plant":9,"minecraft:deepslate_brick_wall":2,"minecraft:torch":50,"quark:cobblestone_bricks":20,"regions_unexplored:peat_grass_block":465,"minecraft:calcite":17,"minecraft:cobblestone":133,"minecraft:wall_torch":107,"minecraft:amethyst_block":11,"realmrpg_skeletons:webbed_skeleton":1,"minecraft:birch_log":7,"regions_unexplored:larch_fence":7,"quark:birch_chest":3,"minecraft:grass":9,"quark:birch_ladder":4,"minecraft:oak_log":19,"regions_unexplored:peat_dirt":153,"minecraft:dirt":8,"minecraft:smooth_basalt":14,"minecraft:stonecutter":2,"minecraft:deepslate":2,"minecraft:glow_lichen":1,"minecraft:ladder":4,"minecraft:birch_slab":5,"minecraft:kelp":33,"regions_unexplored:raw_redstone_block":4,"minecraft:large_fern":1,"minecraft:deepslate_brick_slab":10,"regions_unexplored:larch_door":2,"minecraft:oak_trapdoor":9,"supplementaries:bamboo_spikes":10,"regions_unexplored:larch_slab":138,"minecraft:andesite":1,"treechop:chopped_log":20,"minecraft:peony":1,"regions_unexplored:larch_pressure_plate":4,"minecraft:potatoes":1,"minecraft:cobblestone_slab":1,"minecraft:lantern":2,"regions_unexplored:medium_grass":14,"minecraft:stone":910,"immersiveengineering:ore_aluminum":14,"regions_unexplored:redstone_bulb":1,"supplementaries:gold_gate":3,"regions_unexplored:larch_trapdoor":4,"minecraft:crafting_table":1,"boh:kindness_flower":2,"quark:cobblestone_bricks_slab":10,"minecraft:copper_ore":6,"minecraft:lapis_ore":7,"minecraft:diorite":10,"minecraft:cobblestone_wall":27,"butchersdelight:deadcowblock":1,"regions_unexplored:redstone_bud":4,"minecraft:coal_ore":85,"minecraft:gravel":16,"minecraft:cobweb":9,"minecraft:cracked_stone_bricks":4,"minecraft:stone_bricks":2,"minecraft:mossy_stone_bricks":2,"regions_unexplored:larch_shrub":1},"minecraft:picked_up":{"regions_unexplored:pointed_redstone":1,"minecraft:iron_chestplate":2,"minecraft:wheat":29,"regions_unexplored:larch_planks":80,"minecraft:amethyst_block":11,"minecraft:string":23,"minecraft:raw_copper":70,"minecraft:iron_leggings":1,"minecraft:cobbled_deepslate":2,"minecraft:spruce_planks":9,"undead_unleashed:grave_metal_sword":1,"regions_unexplored:larch_log":679,"minecraft:cobblestone_slab":2,"minecraft:calcite":14,"minecraft:iron_pickaxe":1,"minecraft:iron_boots":1,"minecraft:stick":214,"minecraft:deepslate_brick_wall":1,"minecraft:torch":195,"minecraft:dried_kelp":13,"minecraft:diorite":10,"regions_unexplored:raw_redstone_block":2,"minecraft:stone_sword":1,"minecraft:rotten_flesh":14,"regions_unexplored:golden_larch_sapling":117,"minecraft:cobblestone":1026,"minecraft:birch_log":8,"minecraft:cooked_beef":4,"minecraft:birch_slab":11,"minecraft:andesite":1,"minecraft:potato":327,"minecraft:flint":1,"minecraft:lantern":1,"minecraft:lapis_lazuli":48,"minecraft:dirt":52,"minecraft:bone":22,"minecraft:stonecutter":2,"minecraft:wheat_seeds":59,"minecraft:deepslate_brick_slab":11,"regions_unexplored:larch_trapdoor":5,"minecraft:mossy_stone_bricks":4,"regions_unexplored:larch_shrub":4,"quark:cobblestone_bricks_slab":10,"butchersdelightfoods:cookedsheepshank":16,"hexerei:animal_fat":1,"regions_unexplored:larch_stairs":22,"minecraft:poisonous_potato":3,"regions_unexplored:larch_door":2,"immersiveengineering:raw_aluminum":14,"hexerei:sage":8,"regions_unexplored:larch_slab":172,"minecraft:ink_sac":9,"fantasyfurniture:dunmer/bed_double":1,"quark:cobblestone_bricks_wall":69,"regions_unexplored:cattail":6,"quark:birch_ladder":4,"supplementaries:bamboo_spikes":19,"quark:cobblestone_bricks_stairs":4,"minecraft:granite":3,"minecraft:bread":2,"regions_unexplored:larch_fence":16,"minecraft:charcoal":2,"immersiveengineering:wirecutter":1,"minecraft:crafting_table":1,"minecraft:ladder":1,"minecraft:oak_trapdoor":9,"minecraft:item_frame":2,"butchersdelight:dead_cow":3,"graveyard:corruption":1,"minecraft:cracked_stone_bricks":5,"minecraft:copper_ingot":1,"minecraft:spruce_fence":1,"quark:birch_chest":3,"minecraft:redstone":4,"regions_unexplored:purple_coneflower":1,"hexerei:sage_seed":6,"minecraft:arrow":8,"regions_unexplored:redstone_bulb":2,"minecraft:rail":1,"born_in_chaos_v1:corpse_maggot":1,"regions_unexplored:peat_dirt":644,"minecraft:salmon":3,"minecraft:birch_planks":84,"minecraft:oak_log":18,"minecraft:gunpowder":33,"minecraft:cobblestone_wall":26,"minecraft:cooked_mutton":12,"regions_unexplored:stripped_larch_log":10,"minecraft:stone_bricks":5,"boh:kindness_flower":2,"minecraft:kelp":66,"minecraft:stone_pickaxe":3,"supplementaries:gold_gate":3,"regions_unexplored:larch_sapling":12,"minecraft:smooth_basalt":11,"minecraft:pumpkin":6,"minecraft:gravel":15,"undead_unleashed:grave_metal_scrap":20,"minecraft:spider_eye":2,"quark:cobblestone_bricks":20,"immersiveengineering:seed":4,"minecraft:iron_helmet":1,"regions_unexplored:larch_pressure_plate":6,"undead_unleashed:grave_metal_axe":1,"minecraft:coal":81,"minecraft:wooden_axe":1},"minecraft:custom":{"minecraft:interact_with_crafting_table":89,"minecraft:leave_game":9,"minecraft:time_since_death":355923,"minecraft:sprint_one_cm":659206,"minecraft:drop":61,"minecraft:play_time":531692,"minecraft:deaths":2,"minecraft:jump":2879,"minecraft:walk_on_water_one_cm":99580,"minecraft:interact_with_furnace":32,"minecraft:damage_dealt":12707,"minecraft:crouch_one_cm":128502,"minecraft:interact_with_smoker":4,"minecraft:mob_kills":79,"minecraft:interact_with_campfire":17,"minecraft:climb_one_cm":87104,"minecraft:walk_one_cm":2710240,"minecraft:sneak_time":36544,"minecraft:walk_under_water_one_cm":72690,"minecraft:total_world_time":531692,"minecraft:interact_with_stonecutter":9,"minecraft:time_since_rest":355979,"minecraft:damage_taken":3688,"minecraft:damage_absorbed":20,"minecraft:swim_one_cm":59218,"minecraft:fly_one_cm":258835,"minecraft:open_chest":188,"minecraft:fall_one_cm":45454},"minecraft:dropped":{"minecraft:cooked_beef":1,"regions_unexplored:larch_planks":9,"minecraft:dirt":13,"regions_unexplored:golden_larch_sapling":22,"hexerei:sage":7,"minecraft:bone":1,"minecraft:rotten_flesh":2,"minecraft:cooked_mutton":6,"regions_unexplored:peat_dirt":17,"minecraft:gunpowder":2,"minecraft:beetroot_seeds":3,"minecraft:bread":1,"minecraft:iron_ingot":1,"regions_unexplored:larch_door":1,"supplementaries:bamboo_spikes":10,"minecraft:poisonous_potato":1,"minecraft:cobblestone":113,"minecraft:copper_ingot":4,"minecraft:coal":10,"minecraft:stick":183,"minecraft:diorite":1,"minecraft:torch":1,"quark:cobblestone_bricks":128,"minecraft:wooden_axe":1,"minecraft:dried_kelp":1,"minecraft:pumpkin":6,"minecraft:string":1,"hexerei:animal_fat":1,"minecraft:kelp":5,"regions_unexplored:larch_log":25,"hexerei:sage_seed":5,"regions_unexplored:larch_shrub":2,"minecraft:stone_sword":3,"minecraft:cobblestone_wall":64,"minecraft:stone_shovel":1,"regions_unexplored:larch_slab":58,"minecraft:filled_map":1,"minecraft:mossy_stone_bricks":4,"minecraft:stone_bricks":5,"minecraft:spider_eye":1,"minecraft:spruce_log":2,"minecraft:stone_pickaxe":3,"minecraft:wooden_pickaxe":1,"quark:cobblestone_bricks_wall":64},"minecraft:used":{"quark:cobblestone_bricks_slab":285,"minecraft:ladder":4,"minecraft:chest":20,"minecraft:rotten_flesh":2,"undead_unleashed:grave_metal_sword":3,"undead_unleashed:grave_metal_axe":1,"minecraft:deepslate_brick_slab":139,"quark:birch_ladder":10,"minecraft:item_frame":2,"minecraft:furnace":2,"minecraft:potato":92,"minecraft:deepslate_brick_wall":84,"minecraft:diorite":4,"regions_unexplored:larch_fence_gate":1,"minecraft:stone_pickaxe":1255,"minecraft:wooden_pickaxe":81,"butchersdelightfoods:cookedsheepshank":16,"minecraft:golden_apple":2,"fantasyfurniture:dunmer/bed_double":1,"regions_unexplored:larch_slab":1113,"quark:cobblestone_bricks_wall":101,"minecraft:birch_slab":46,"minecraft:bread":10,"regions_unexplored:larch_stairs":132,"supplementaries:gold_gate":3,"quark:cobblestone_bricks_stairs":4,"minecraft:gravel":5,"regions_unexplored:larch_pressure_plate":1,"regions_unexplored:larch_door":5,"supplementaries:bamboo_spikes":1,"minecraft:bone_meal":6,"minecraft:oak_trapdoor":22,"quark:birch_chest":12,"minecraft:stone_sword":471,"butchersdelightfoods:cookedporkloin":2,"minecraft:stone_shovel":639,"minecraft:dried_kelp":12,"minecraft:stone_hoe":100,"minecraft:stick":1,"minecraft:torch":515,"minecraft:spyglass":14,"minecraft:cobblestone_wall":1,"minecraft:spruce_fence":1,"minecraft:wooden_axe":10,"regions_unexplored:larch_fence":99,"regions_unexplored:larch_planks":24,"minecraft:cooked_beef":6,"minecraft:calcite":6,"minecraft:wheat_seeds":40,"minecraft:cooked_mutton":1,"minecraft:water_bucket":11,"minecraft:amethyst_block":2,"regions_unexplored:stripped_larch_log":1,"minecraft:birch_planks":9,"quark:cobblestone_bricks":331,"minecraft:baked_potato":17,"regions_unexplored:peat_dirt":589,"minecraft:stonecutter":2,"minecraft:cobblestone_slab":19,"minecraft:cracked_stone_bricks":2,"minecraft:rail":1,"minecraft:crafting_table":4,"minecraft:campfire":4,"minecraft:oak_log":19,"regions_unexplored:larch_trapdoor":18,"minecraft:iron_pickaxe":18,"regions_unexplored:larch_log":379,"minecraft:stone_axe":976,"minecraft:fishing_rod":3,"minecraft:cobblestone":351,"minecraft:bucket":12},"minecraft:crafted":{"minecraft:black_dye":6,"regions_unexplored:larch_fence":174,"minecraft:oak_planks":40,"minecraft:cobblestone_slab":60,"quark:birch_chest":11,"minecraft:birch_slab":42,"quark:birch_ladder":12,"regions_unexplored:larch_planks":1728,"regions_unexplored:larch_door":3,"minecraft:chest":22,"minecraft:stone_hoe":4,"regions_unexplored:larch_stairs":192,"immersiveengineering:ingot_aluminum":14,"minecraft:crafting_table":3,"minecraft:wooden_pickaxe":2,"minecraft:baked_potato":8,"minecraft:copper_ingot":16,"minecraft:birch_planks":32,"minecraft:campfire":4,"minecraft:charcoal":35,"minecraft:shield":1,"minecraft:stick":568,"minecraft:iron_ingot":5,"minecraft:iron_pickaxe":1,"minecraft:stone_sword":5,"regions_unexplored:larch_fence_gate":1,"regions_unexplored:larch_button":24,"minecraft:stone_shovel":7,"minecraft:fishing_rod":1,"minecraft:furnace":2,"minecraft:bone_meal":6,"minecraft:oak_trapdoor":16,"minecraft:stone_pickaxe":7,"quark:cobblestone_bricks_stairs":4,"regions_unexplored:larch_trapdoor":20,"minecraft:bucket":1,"minecraft:stone_axe":11,"butchersdelightfoods:coockedbeeftenderloin":10,"minecraft:air":0,"supplementaries:gold_gate":4,"minecraft:wooden_axe":1,"regions_unexplored:larch_slab":1080,"minecraft:torch":492},"minecraft:killed_by":{"cave_dweller:cave_dweller":1},"minecraft:broken":{"minecraft:stone_pickaxe":9,"minecraft:stone_axe":4,"minecraft:stone_shovel":4,"minecraft:stone_sword":2,"minecraft:wooden_pickaxe":1},"minecraft:killed":{"minecraft:cave_spider":4,"minecraft:witch":1,"graveyard:skeleton_creeper":2,"minecraft:spider":3,"minecraft:skeleton":11,"minecraft:pig":1,"minecraft:creeper":25,"minecraft:zombie":6,"born_in_chaos_v1:corpse_fly":1,"minecraft:cow":2,"graveyard:revenant":3,"born_in_chaos_v1:maggot":1,"minecraft:drowned":11,"born_in_chaos_v1:corpse_fish":4,"born_in_chaos_v1:baby_skeleton":1,"minecraft:bat":1,"difficult_spawners:evil_spirit":6}},"DataVersion":3120}