{"stats":{"minecraft:broken":{"minecraft:stone_sword":1,"minecraft:wooden_pickaxe":1,"minecraft:stone_pickaxe":4},"minecraft:mined":{"minecraft:spruce_planks":9,"minecraft:glow_lichen":1,"minecraft:granite":2,"minecraft:budding_amethyst":1,"regions_unexplored:raw_redstone_block":4,"minecraft:large_fern":1,"regions_unexplored:pointed_redstone":2,"minecraft:andesite":1,"treechop:chopped_log":4,"minecraft:pumpkin":7,"minecraft:peony":1,"minecraft:cobblestone_slab":1,"minecraft:lantern":2,"regions_unexplored:medium_grass":4,"regions_unexplored:larch_log":50,"minecraft:stone":489,"immersiveengineering:ore_aluminum":14,"regions_unexplored:redstone_bulb":1,"minecraft:kelp_plant":6,"minecraft:torch":8,"regions_unexplored:peat_grass_block":2,"minecraft:calcite":17,"minecraft:cobblestone":15,"minecraft:copper_ore":6,"minecraft:lapis_ore":7,"minecraft:diorite":10,"minecraft:wall_torch":18,"minecraft:amethyst_block":11,"butchersdelight:deadcowblock":1,"realmrpg_skeletons:webbed_skeleton":1,"regions_unexplored:redstone_bud":4,"minecraft:birch_log":7,"minecraft:grass":3,"minecraft:coal_ore":73,"regions_unexplored:peat_dirt":10,"minecraft:dirt":6,"minecraft:gravel":16,"minecraft:cobweb":9,"minecraft:smooth_basalt":14,"minecraft:cracked_stone_bricks":4,"minecraft:stonecutter":1,"minecraft:stone_bricks":2,"minecraft:mossy_stone_bricks":2,"minecraft:deepslate":2,"regions_unexplored:larch_shrub":1},"minecraft:custom":{"minecraft:mob_kills":20,"minecraft:interact_with_crafting_table":17,"minecraft:interact_with_campfire":13,"minecraft:leave_game":2,"minecraft:time_since_death":85009,"minecraft:climb_one_cm":7507,"minecraft:sprint_one_cm":221354,"minecraft:walk_one_cm":741250,"minecraft:drop":27,"minecraft:play_time":121170,"minecraft:deaths":1,"minecraft:sneak_time":8499,"minecraft:walk_under_water_one_cm":13583,"minecraft:jump":1511,"minecraft:walk_on_water_one_cm":19833,"minecraft:total_world_time":121170,"minecraft:interact_with_furnace":12,"minecraft:time_since_rest":85029,"minecraft:damage_taken":1138,"minecraft:damage_absorbed":10,"minecraft:damage_dealt":3283,"minecraft:swim_one_cm":10305,"minecraft:fly_one_cm":115874,"minecraft:open_chest":37,"minecraft:crouch_one_cm":28442,"minecraft:fall_one_cm":18624},"minecraft:crafted":{"minecraft:cobblestone_slab":60,"quark:birch_chest":4,"minecraft:furnace":1,"regions_unexplored:larch_planks":44,"minecraft:stone_pickaxe":3,"minecraft:chest":2,"minecraft:stone_hoe":1,"immersiveengineering:ingot_aluminum":14,"minecraft:crafting_table":1,"minecraft:wooden_pickaxe":2,"minecraft:copper_ingot":16,"minecraft:birch_planks":32,"minecraft:stone_axe":1,"minecraft:air":0,"minecraft:stick":32,"minecraft:wooden_axe":1,"minecraft:stone_sword":2,"minecraft:torch":120},"minecraft:dropped":{"minecraft:bread":1,"minecraft:cooked_beef":1,"minecraft:cobblestone":113,"minecraft:copper_ingot":4,"minecraft:coal":10,"minecraft:stick":5,"minecraft:diorite":1,"minecraft:torch":1,"minecraft:wooden_axe":1,"minecraft:pumpkin":6,"minecraft:string":1,"hexerei:animal_fat":1,"minecraft:stone_sword":2,"minecraft:rotten_flesh":2,"minecraft:gunpowder":2,"minecraft:beetroot_seeds":3,"minecraft:mossy_stone_bricks":4,"minecraft:stone_bricks":5,"minecraft:spider_eye":1,"minecraft:spruce_log":2,"minecraft:stone_pickaxe":2,"minecraft:wooden_pickaxe":1},"minecraft:used":{"quark:birch_chest":2,"minecraft:stone_sword":227,"minecraft:dried_kelp":9,"minecraft:stone_hoe":4,"minecraft:rotten_flesh":2,"minecraft:torch":98,"minecraft:spruce_fence":1,"minecraft:wooden_axe":10,"minecraft:furnace":1,"minecraft:cooked_beef":3,"minecraft:potato":3,"minecraft:calcite":6,"minecraft:diorite":4,"minecraft:amethyst_block":2,"minecraft:stone_pickaxe":632,"regions_unexplored:peat_dirt":1,"minecraft:wooden_pickaxe":81,"minecraft:stonecutter":1,"minecraft:cobblestone_slab":19,"minecraft:cracked_stone_bricks":2,"minecraft:golden_apple":2,"minecraft:rail":1,"minecraft:crafting_table":1,"minecraft:bread":10,"minecraft:gravel":5,"minecraft:stone_axe":63,"minecraft:cobblestone":21},"minecraft:picked_up":{"minecraft:wooden_axe":1,"minecraft:amethyst_block":11,"minecraft:string":21,"minecraft:raw_copper":70,"butchersdelight:dead_cow":3,"minecraft:cracked_stone_bricks":5,"minecraft:cobbled_deepslate":2,"minecraft:spruce_planks":9,"regions_unexplored:larch_log":52,"minecraft:cobblestone_slab":2,"minecraft:calcite":14,"minecraft:stick":3,"minecraft:torch":36,"minecraft:spruce_fence":1,"minecraft:dried_kelp":9,"regions_unexplored:raw_redstone_block":2,"minecraft:diorite":10,"minecraft:redstone":4,"regions_unexplored:purple_coneflower":1,"minecraft:stone_sword":1,"minecraft:rotten_flesh":3,"regions_unexplored:redstone_bulb":2,"minecraft:rail":1,"minecraft:cobblestone":509,"minecraft:birch_log":8,"regions_unexplored:peat_dirt":13,"minecraft:cooked_beef":4,"minecraft:andesite":1,"minecraft:flint":1,"minecraft:gunpowder":4,"minecraft:lapis_lazuli":48,"minecraft:dirt":6,"minecraft:lantern":1,"minecraft:bone":6,"minecraft:stone_bricks":5,"minecraft:kelp":34,"minecraft:stonecutter":1,"minecraft:wheat_seeds":1,"minecraft:stone_pickaxe":2,"minecraft:mossy_stone_bricks":4,"regions_unexplored:larch_shrub":2,"hexerei:animal_fat":1,"minecraft:smooth_basalt":11,"minecraft:pumpkin":6,"minecraft:gravel":15,"immersiveengineering:raw_aluminum":14,"undead_unleashed:grave_metal_scrap":3,"minecraft:spider_eye":1,"immersiveengineering:seed":1,"minecraft:granite":3,"undead_unleashed:grave_metal_axe":1,"minecraft:bread":2,"minecraft:coal":69,"regions_unexplored:pointed_redstone":1},"minecraft:killed":{"minecraft:cave_spider":4,"minecraft:skeleton":2,"minecraft:pig":1,"minecraft:bat":1,"minecraft:creeper":3,"difficult_spawners:evil_spirit":6,"minecraft:zombie":1,"minecraft:cow":2}},"DataVersion":3120}