{"stats":{"minecraft:crafted":{"minecraft:black_dye":6,"regions_unexplored:larch_fence":321,"quark:birch_chest":11,"regions_unexplored:maple_planks":52,"minecraft:birch_slab":42,"supplementaries:soap":6,"supplementaries:bamboo_spikes":116,"butchersdelightfoods:cooked_leg_cow":5,"minecraft:glass":18,"graveyard:bone_dagger":1,"quark:bamboo_post":68,"supplementaries:flute":2,"regions_unexplored:larch_stairs":320,"quark:paper_wall":48,"fantasyfurniture:venthyr/wall_light":224,"regions_unexplored:yellow_bioshroom_planks":4,"minecraft:copper_ingot":43,"minecraft:campfire":18,"minecraft:painting":1,"quark:bamboo_planks":6,"minecraft:compass":1,"minecraft:iron_pickaxe":7,"minecraft:gold_ingot":6,"quark:pickarang":2,"immersiveengineering:wirecoil_copper":28,"minecraft:stone_shovel":11,"immersiveengineering:stick_iron":4,"minecraft:jack_o_lantern":8,"minecraft:bone_meal":63,"minecraft:diamond":81,"minecraft:stone_pickaxe":21,"quark:cobblestone_bricks_stairs":4,"quark:vertical_bamboo_planks":6,"regions_unexplored:larch_trapdoor":20,"supplementaries:timber_cross_brace":1,"butchersdelightfoods:coockedbeeftenderloin":10,"supplementaries:gold_gate":4,"quark:bamboo_mat":2,"supplementaries:bubble_blower":5,"minecraft:wooden_axe":1,"minecraft:iron_shovel":4,"minecraft:iron_leggings":1,"spore:nerves":8,"minecraft:oak_planks":40,"minecraft:cobblestone_slab":108,"quark:bamboo_block":59,"quark:birch_ladder":12,"regions_unexplored:larch_planks":2900,"aether:golden_ring":1,"minecraft:iron_boots":1,"regions_unexplored:larch_door":3,"regions_unexplored:brimwood_planks":96,"minecraft:chest":23,"minecraft:stone_hoe":4,"immersiveengineering:ingot_aluminum":14,"minecraft:smoker":1,"regions_unexplored:maple_fence":21,"supplementaries:rope_arrow":7,"butchersdelightfoods:cooked_goat_rack":4,"minecraft:map":1,"minecraft:crafting_table":4,"minecraft:spruce_planks":60,"minecraft:baked_potato":78,"minecraft:wooden_pickaxe":2,"minecraft:iron_helmet":1,"immersiveengineering:wire_copper":31,"minecraft:birch_planks":32,"butchersdelightfoods:cookedsheeprack":5,"undead_unleashed:grave_metal_sword":1,"regions_unexplored:larch_sign":3,"regions_unexplored:overgrown_bone_block":2,"minecraft:iron_chestplate":1,"minecraft:paper":54,"minecraft:charcoal":35,"minecraft:diamond_pickaxe":1,"minecraft:shield":1,"minecraft:stick":868,"minecraft:iron_ingot":185,"minecraft:stone_sword":6,"regions_unexplored:larch_fence_gate":1,"regions_unexplored:larch_button":24,"immersiveengineering:plate_copper":31,"quark:rope":12,"minecraft:coal":45,"minecraft:fishing_rod":1,"minecraft:furnace":3,"minecraft:stone_button":1,"minecraft:oak_trapdoor":16,"minecraft:flint_and_steel":1,"minecraft:scaffolding":102,"minecraft:iron_axe":7,"minecraft:iron_hoe":1,"undead_unleashed:grave_metal_ingot":2,"butchersdelight:hook":1,"minecraft:bucket":2,"minecraft:stone_axe":13,"minecraft:air":0,"minecraft:bread":16,"minecraft:white_dye":33,"minecraft:stonecutter":1,"regions_unexplored:larch_slab":1434,"minecraft:torch":660},"minecraft:killed_by":{"minecraft:cow":1,"minecraft:vex":6,"cave_dweller:cave_dweller":1,"minecraft:sheep":1,"minecraft:creeper":5,"minecraft:drowned":1,"minecraft:cave_spider":7,"minecraft:illusioner":4,"minecraft:skeleton":5,"born_in_chaos_v1:corpse_fish":1},"minecraft:used":{"fantasyfurniture:necrolord/chair":2,"minecraft:jack_o_lantern":14,"quark:cobblestone_bricks_slab":625,"minecraft:ladder":4,"quark:bamboo_mat":1,"minecraft:chest":21,"minecraft:stone":8,"minecraft:rotten_flesh":2,"undead_unleashed:grave_metal_axe":1,"minecraft:deepslate_brick_slab":139,"boh:kindness_flower":10,"quark:birch_ladder":10,"fantasyfurniture:bone/skeleton/chandelier":5,"minecraft:bow":10,"minecraft:furnace":2,"minecraft:potato":153,"fantasyfurniture:necrolord/cushion":10,"minecraft:deepslate_brick_wall":128,"minecraft:diorite":4,"butchersdelightfoods:coockedbeeftenderloin":10,"regions_unexplored:larch_fence_gate":1,"minecraft:wooden_pickaxe":81,"fantasyfurniture:venthyr/door_double":3,"minecraft:clay":300,"minecraft:golden_apple":2,"quark:paper_wall":25,"quark:cobblestone_bricks_wall":229,"minecraft:birch_slab":48,"regions_unexplored:larch_stairs":177,"supplementaries:gold_gate":10,"fantasyfurniture:venthyr/table_wide_fancy":12,"supplementaries:bamboo_spikes":69,"fantasyfurniture:venthyr/chair":12,"minecraft:oak_trapdoor":22,"minecraft:stone_sword":553,"butchersdelightfoods:cookedporkloin":2,"minecraft:netherrack":282,"minecraft:stick":5,"minecraft:torch":809,"fantasyfurniture:necrolord/stool":9,"regions_unexplored:larch_fence":225,"regions_unexplored:maple_fence":22,"minecraft:iron_axe":948,"fantasyfurniture:venthyr/floor_light":3,"minecraft:bamboo":152,"fantasyfurniture:venthyr/painting_wide":1,"minecraft:calcite":6,"minecraft:wheat_seeds":94,"fantasyfurniture:bone/wither/floor_light":3,"minecraft:water_bucket":20,"minecraft:birch_planks":9,"quark:cobblestone_bricks":746,"fantasyfurniture:decorations/muffins_sweetberry":1,"regions_unexplored:brimwood_planks":66,"minecraft:cracked_stone_bricks":2,"fantasyfurniture:bone/skeleton/wardrobe_bottom":4,"minecraft:rail":1,"minecraft:crafting_table":6,"minecraft:red_bed":1,"minecraft:campfire":17,"minecraft:oak_log":28,"minecraft:diamond_pickaxe":24,"quark:pickarang":862,"minecraft:iron_pickaxe":1064,"minecraft:cobblestone":1025,"regions_unexplored:larch_sign":2,"minecraft:iron_shovel":861,"minecraft:iron_sword":1,"undead_unleashed:grave_metal_sword":372,"minecraft:iron_chestplate":1,"regions_unexplored:overgrown_bone_block":2,"minecraft:obsidian":12,"quark:cobblestone_bricks_vertical_slab":214,"fantasyfurniture:venthyr/wardrobe_bottom":3,"butchersdelightfoods:cooked_goat_rack":2,"minecraft:iron_helmet":1,"fantasyfurniture:venthyr/door_single":1,"minecraft:stone_bricks":172,"minecraft:item_frame":3,"fantasyfurniture:venthyr/painting_small":1,"fantasyfurniture:venthyr/chandelier":9,"minecraft:stone_pickaxe":2250,"butchersdelightfoods:cookedsheepshank":16,"minecraft:sugar_cane":80,"fantasyfurniture:dunmer/bed_double":2,"minecraft:shears":8,"regions_unexplored:larch_slab":1537,"fantasyfurniture:decorations/bone_wither_pile":4,"fantasyfurniture:venthyr/shelf":3,"minecraft:bread":16,"quark:cobblestone_bricks_stairs":4,"travelersbackpack:pumpkin":5,"minecraft:iron_door":2,"minecraft:gravel":14,"regions_unexplored:larch_pressure_plate":1,"butchersdelightfoods:cooked_ham":6,"regions_unexplored:larch_door":7,"regions_unexplored:cattail":4,"minecraft:chainmail_boots":1,"supplementaries:timber_cross_brace":1,"minecraft:bone_meal":6,"minecraft:cobweb":6,"quark:birch_chest":12,"minecraft:flint_and_steel":17,"minecraft:stone_shovel":733,"minecraft:dried_kelp":12,"minecraft:stone_hoe":101,"quark:bamboo_post":7,"butchersdelightfoods:cooked_leg_cow":4,"minecraft:dirt":25,"minecraft:spyglass":14,"fantasyfurniture:necrolord/sofa":14,"minecraft:cobblestone_wall":1,"minecraft:spruce_fence":1,"minecraft:granite":4,"fantasyfurniture:venthyr/wall_light":212,"minecraft:iron_hoe":25,"minecraft:stone_brick_slab":277,"minecraft:wooden_axe":10,"regions_unexplored:purple_coneflower":46,"minecraft:iron_boots":2,"regions_unexplored:larch_planks":248,"minecraft:cooked_beef":11,"minecraft:pumpkin":8,"minecraft:iron_leggings":1,"minecraft:cooked_mutton":1,"fantasyfurniture:venthyr/bed_double":1,"minecraft:amethyst_block":2,"regions_unexplored:stripped_larch_log":6,"fantasyfurniture:bone/skeleton/shelf":1,"minecraft:baked_potato":140,"regions_unexplored:peat_dirt":929,"minecraft:stonecutter":4,"minecraft:cobblestone_slab":69,"fantasyfurniture:venthyr/cushion":2,"minecraft:smoker":1,"fantasyfurniture:dunmer/oven":1,"regions_unexplored:larch_trapdoor":18,"hexerei:witch_hazel_broom":45,"minecraft:map":1,"regions_unexplored:larch_log":521,"regions_unexplored:yellow_bioshroom_planks":4,"minecraft:stone_axe":1148,"minecraft:fishing_rod":4,"fantasyfurniture:venthyr/sofa":5,"minecraft:bucket":25,"fantasyfurniture:decorations/stackable_pumpkins":3,"minecraft:soul_torch":29},"minecraft:picked_up":{"minecraft:wooden_axe":1,"minecraft:iron_chestplate":4,"butchersdelightfoods:legcow":10,"minecraft:chainmail_boots":1,"regions_unexplored:larch_planks":139,"regions_unexplored:glistering_sprout":28,"butchersdelightfoods:cooked_ham":8,"minecraft:amethyst_block":11,"minecraft:string":64,"minecraft:soul_soil":350,"butchersdelightfoods:goat_loin":2,"minecraft:gold_nugget":101,"minecraft:cobbled_deepslate":30,"minecraft:spruce_planks":9,"undead_unleashed:grave_metal_sword":3,"fantasyfurniture:venthyr/shelf":1,"regions_unexplored:larch_log":1747,"regions_unexplored:raw_redstone_block":2,"fantasyfurniture:venthyr/door_single":1,"minecraft:stone_sword":2,"fantasyfurniture:necrolord/sofa":4,"minecraft:carved_pumpkin":8,"supplementaries:ash":232,"minecraft:birch_log":8,"minecraft:magma_block":67,"butchersdelightfoods:beeftenderloin":6,"minecraft:cooked_beef":8,"minecraft:iron_door":3,"minecraft:birch_slab":22,"minecraft:water_bucket":1,"minecraft:flint":2,"fantasyfurniture:decorations/bone_wither_pile":3,"minecraft:lantern":1,"minecraft:stonecutter":3,"quark:cobblestone_bricks_slab":38,"regions_unexplored:yellow_bioshroom_stem":1,"minecraft:glowstone_dust":72,"butchersdelightfoods:goat_shank":2,"hexerei:animal_fat":8,"fantasyfurniture:bone/wither/floor_light":3,"quark:bamboo_post":7,"butchersdelight:skullcow":6,"butchersdelightfoods:porkloin":2,"regions_unexplored:larch_slab":327,"minecraft:ink_sac":23,"fantasyfurniture:dunmer/bed_double":3,"quark:cobblestone_bricks_wall":121,"quark:birch_ladder":4,"supplementaries:bamboo_spikes":48,"minecraft:granite":134,"minecraft:golden_horse_armor":1,"minecraft:bread":2,"minecraft:jack_o_lantern":6,"born_in_chaos_v1:rotten_fish":9,"minecraft:diamond_pickaxe":1,"minecraft:crafting_table":2,"minecraft:clay_ball":1368,"regions_unexplored:mycotoxic_daisy":8,"minecraft:red_bed":1,"hexerei:witch_hazel_broom":46,"minecraft:iron_shovel":2,"butchersdelight:dead_cow":16,"minecraft:cracked_stone_bricks":5,"minecraft:beef":6,"supplementaries:rope":3,"regions_unexplored:glister_spire":10,"minecraft:chest":1,"fantasyfurniture:venthyr/floor_light":4,"minecraft:stone":1,"minecraft:spruce_fence":1,"minecraft:redstone":4,"butchersdelightfoods:cooked_leg_cow":1,"regions_unexplored:purple_coneflower":50,"butchersdelight:deadsheep":6,"butchersdelightfoods:sheeprack":5,"minecraft:mutton":7,"minecraft:rail":1,"minecraft:bone_block":16,"minecraft:white_wool":1,"minecraft:oak_log":24,"butchersdelightfoods:goatrack":2,"hexerei:crow_blank_amulet":1,"minecraft:paper":2,"minecraft:stone_bricks":23,"regions_unexplored:stripped_larch_log":120,"minecraft:kelp":84,"fantasyfurniture:venthyr/door_double":3,"minecraft:stone_pickaxe":10,"regions_unexplored:larch_sapling":60,"spore:mutated_fiber":9,"minecraft:smooth_basalt":11,"minecraft:gravel":24,"quark:cobblestone_bricks":158,"immersiveengineering:seed":6,"minecraft:stone_axe":2,"quark:paper_wall":50,"minecraft:painting":1,"fantasyfurniture:necrolord/stool":5,"minecraft:baked_potato":134,"fantasyfurniture:bone/wither/desk_left":1,"spore:mutated_heart":2,"minecraft:wheat":264,"fantasyfurniture:venthyr/sofa":3,"fantasyfurniture:necrolord/cushion":2,"born_in_chaos_v1:black_argillite":1,"minecraft:raw_copper":192,"minecraft:armor_stand":1,"minecraft:iron_leggings":2,"fantasyfurniture:venthyr/table_wide_fancy":6,"minecraft:zombie_head":1,"minecraft:cobblestone_slab":8,"minecraft:calcite":14,"minecraft:iron_pickaxe":2,"fantasyfurniture:royal/floor_light":2,"minecraft:iron_boots":22,"minecraft:stick":378,"minecraft:deepslate_brick_wall":127,"minecraft:torch":436,"minecraft:porkchop":2,"minecraft:dried_kelp":13,"minecraft:diorite":18,"minecraft:rotten_flesh":23,"butchersdelightfoods:ham":2,"quark:violet_corundum_cluster":18,"hexerei:herb_drying_rack":2,"fantasyfurniture:decorations/stackable_pumpkins":3,"aether:iron_ring":1,"minecraft:obsidian":20,"minecraft:cobblestone":3767,"regions_unexplored:golden_larch_sapling":312,"fantasyfurniture:royal/chandelier":6,"minecraft:andesite":41,"minecraft:potato":956,"map_atlases:atlas":2,"minecraft:dirt":76,"butchersdelight:goat_fur":2,"minecraft:lapis_lazuli":48,"minecraft:bone":46,"hexerei:wax_blend":6,"minecraft:wheat_seeds":590,"minecraft:deepslate_brick_slab":80,"minecraft:raw_gold":1,"regions_unexplored:larch_trapdoor":8,"butchersdelightfoods:cookedsheepshank":16,"minecraft:mossy_stone_bricks":5,"regions_unexplored:larch_shrub":6,"minecraft:bamboo":1762,"regions_unexplored:larch_stairs":50,"spore:cerebrum":1,"regions_unexplored:mycotoxic_mushrooms":2,"graveyard:bone_dagger":1,"immersiveengineering:raw_aluminum":29,"minecraft:poisonous_potato":8,"regions_unexplored:larch_door":5,"butchersdelight:cow_hide":6,"undead_unleashed:grave_metal_leggings":1,"minecraft:sand":5,"hexerei:sage":8,"fantasyfurniture:decorations/muffins_sweetberry":1,"tenebrous_lands:zenyr":6,"butchersdelightfoods:beefribs":6,"regions_unexplored:cattail":12,"quark:cobblestone_bricks_stairs":4,"minecraft:diamond":2,"minecraft:bone_meal":4,"fantasyfurniture:royal/table_wide":6,"butchersdelightfoods:sheepshank":5,"minecraft:oak_sapling":2,"minecraft:netherrack":406,"immersiveengineering:wirecutter":1,"regions_unexplored:larch_fence":54,"minecraft:charcoal":15,"regions_unexplored:mycotoxic_grass":6,"minecraft:ladder":1,"minecraft:shield":3,"quark:cobblestone_bricks_vertical_slab":5,"minecraft:oak_trapdoor":18,"supplementaries:timber_cross_brace":1,"minecraft:item_frame":3,"graveyard:corruption":6,"butchersdelightfoods:sheeploin":5,"fantasyfurniture:dunmer/cushion":2,"minecraft:sugar_cane":145,"butchersdelightfoods:porkribs":2,"minecraft:raw_iron":9,"quark:violet_corundum":3,"minecraft:copper_ingot":2,"fantasyfurniture:venthyr/wall_light":36,"fantasyfurniture:royal/chair":6,"quark:birch_chest":3,"fantasyfurniture:bone/skeleton/chandelier":8,"hexerei:sage_seed":11,"minecraft:arrow":22,"regions_unexplored:redstone_bulb":4,"quark:bamboo_mat":1,"minecraft:black_banner":1,"minecraft:skeleton_skull":1,"regions_unexplored:glistering_fern":6,"born_in_chaos_v1:corpse_maggot":2,"regions_unexplored:peat_dirt":1153,"regions_unexplored:maple_fence":6,"minecraft:salmon":4,"minecraft:leather":4,"minecraft:birch_planks":84,"minecraft:gunpowder":45,"minecraft:cobblestone_wall":26,"minecraft:cooked_mutton":12,"boh:kindness_flower":12,"minecraft:iron_ingot":1,"supplementaries:gold_gate":8,"quark:pickarang":1,"minecraft:soul_sand":44,"minecraft:book":1,"quark:red_corundum_cluster":4,"minecraft:pumpkin":14,"quark:glass_item_frame":8,"minecraft:stone_brick_slab":1,"minecraft:quartz":100,"fantasyfurniture:dunmer/oven":1,"undead_unleashed:grave_metal_scrap":38,"minecraft:soul_torch":180,"fantasyfurniture:venthyr/chair":6,"minecraft:spider_eye":18,"supplementaries:clock_block":1,"butchersdelight:sheephide":5,"minecraft:pumpkin_seeds":32,"minecraft:iron_helmet":1,"regions_unexplored:larch_pressure_plate":8,"travelersbackpack:pumpkin":2,"undead_unleashed:grave_metal_axe":2,"fantasyfurniture:venthyr/wardrobe_bottom":1,"minecraft:coal":171,"regions_unexplored:pointed_redstone":1},"minecraft:killed":{"minecraft:cave_spider":21,"minecraft:skeleton":24,"spore:inf_player":1,"tenebrous_lands:skinwalker":1,"minecraft:zombie":12,"born_in_chaos_v1:corpse_fly":2,"minecraft:cow":15,"boh:jeff_the_killer":1,"minecraft:witch":1,"graveyard:skeleton_creeper":2,"minecraft:spider":15,"minecraft:illusioner":1,"tenebrous_lands:demogon":1,"minecraft:pig":1,"minecraft:zombie_villager":1,"minecraft:creeper":31,"minecraft:sheep":1,"minecraft:vex":1,"tenebrous_lands:scarecrow":1,"graveyard:revenant":13,"born_in_chaos_v1:maggot":1,"minecraft:drowned":11,"born_in_chaos_v1:corpse_fish":6,"born_in_chaos_v1:baby_skeleton":1,"minecraft:bat":1,"spore:inf_pillager":3,"difficult_spawners:evil_spirit":11,"minecraft:villager":1},"minecraft:broken":{"minecraft:iron_boots":1,"minecraft:iron_chestplate":2,"minecraft:iron_leggings":2,"undead_unleashed:grave_metal_sword":1,"minecraft:stone_sword":2,"minecraft:wooden_pickaxe":1,"minecraft:iron_axe":4,"minecraft:iron_pickaxe":2,"minecraft:iron_helmet":1,"minecraft:iron_shovel":1,"minecraft:stone_pickaxe":14,"minecraft:stone_axe":6,"minecraft:stone_shovel":4},"minecraft:mined":{"fantasyfurniture:venthyr/sofa":3,"fantasyfurniture:venthyr/floor_light":5,"minecraft:carved_pumpkin":8,"minecraft:obsidian":20,"regions_unexplored:larch_planks":78,"fantasyfurniture:necrolord/sofa":4,"regions_unexplored:cattail":11,"minecraft:granite":132,"regions_unexplored:yellow_bioshroom":1,"minecraft:tall_seagrass":1,"minecraft:magma_block":40,"regions_unexplored:pointed_redstone":2,"minecraft:cobbled_deepslate":1,"minecraft:fire":6,"minecraft:pumpkin":15,"quark:bamboo_post":7,"minecraft:tripwire":3,"quark:red_corundum_cluster":4,"minecraft:soul_wall_torch":175,"fantasyfurniture:necrolord/cushion":2,"minecraft:red_bed":1,"minecraft:kelp_plant":10,"fantasyfurniture:venthyr/wall_light":37,"minecraft:deepslate_brick_wall":128,"minecraft:soul_fire":2,"supplementaries:timber_cross_brace":1,"minecraft:torch":141,"regions_unexplored:peat_grass_block":791,"fantasyfurniture:venthyr/door_single":1,"minecraft:sugar_cane":59,"minecraft:amethyst_block":11,"minecraft:skeleton_skull":1,"realmrpg_skeletons:webbed_skeleton":1,"minecraft:wheat":78,"regions_unexplored:maple_fence":6,"fantasyfurniture:necrolord/stool":5,"minecraft:grass":26,"quark:birch_chest":3,"fantasyfurniture:dunmer/cushion":2,"minecraft:smooth_basalt":21,"minecraft:stonecutter":3,"regions_unexplored:mycotoxic_grass":2,"minecraft:deepslate":27,"spore:remains":1,"supplementaries:clock_block":1,"fantasyfurniture:venthyr/door_double":1,"regions_unexplored:glistering_sprout":14,"minecraft:jack_o_lantern":5,"butchersdelight:deadsheepblock":1,"born_in_chaos_v1:black_argillite":1,"regions_unexplored:peat_farmland":83,"minecraft:kelp":38,"supplementaries:rope":3,"supplementaries:bamboo_spikes":41,"regions_unexplored:larch_slab":277,"minecraft:andesite":39,"regions_unexplored:larch_pressure_plate":6,"minecraft:potatoes":84,"minecraft:cobblestone_slab":6,"minecraft:vine":1,"minecraft:bamboo_sapling":10,"minecraft:bamboo":148,"immersiveengineering:ore_aluminum":29,"minecraft:soul_sand":22,"fantasyfurniture:royal/chair":6,"supplementaries:gold_gate":8,"minecraft:stone_brick_slab":1,"boh:kindness_flower":12,"quark:cobblestone_bricks_vertical_slab":4,"minecraft:campfire":7,"minecraft:copper_ore":39,"minecraft:deepslate_gold_ore":1,"minecraft:diorite":14,"deep_dark_regrowth:sculk_moss":1,"minecraft:cobblestone_wall":27,"quark:paper_wall":19,"fantasyfurniture:royal/table_wide":6,"fantasyfurniture:royal/chandelier":6,"minecraft:zombie_head":1,"minecraft:gravel":23,"minecraft:cobweb":22,"minecraft:stone_bricks":21,"regions_unexplored:golden_larch_leaves":2,"minecraft:spruce_planks":9,"minecraft:farmland":23,"regions_unexplored:stripped_larch_log":120,"fantasyfurniture:decorations/bone_wither_pile":4,"minecraft:budding_amethyst":1,"minecraft:grass_block":54,"quark:cobblestone_bricks_wall":30,"regions_unexplored:yellow_bioshroom_stem":1,"regions_unexplored:larch_stairs":54,"minecraft:soul_soil":188,"regions_unexplored:purple_coneflower":24,"minecraft:frosted_ice":1,"minecraft:glowstone":12,"supplementaries:ash":48,"minecraft:iron_ore":4,"regions_unexplored:glister_spire":5,"fantasyfurniture:venthyr/table_wide_fancy":6,"supplementaries:stick":5,"fantasyfurniture:dunmer/bed_double":3,"regions_unexplored:larch_log":173,"quark:violet_corundum":3,"quark:cobblestone_bricks_stairs":4,"hexerei:herb_drying_rack":2,"minecraft:clay":342,"quark:cobblestone_bricks":158,"regions_unexplored:mycotoxic_daisy":4,"minecraft:calcite":17,"fantasyfurniture:venthyr/chair":7,"minecraft:nether_quartz_ore":92,"minecraft:cobblestone":412,"minecraft:iron_door":3,"minecraft:wall_torch":166,"minecraft:seagrass":1,"minecraft:birch_log":7,"regions_unexplored:larch_fence":45,"quark:birch_ladder":4,"minecraft:oak_log":21,"regions_unexplored:peat_dirt":239,"minecraft:sand":3,"minecraft:dirt":16,"minecraft:netherrack":389,"minecraft:oak_leaves":2,"minecraft:nether_gold_ore":14,"minecraft:deepslate_diamond_ore":1,"minecraft:glow_lichen":1,"minecraft:ladder":4,"regions_unexplored:glistering_fern":3,"minecraft:birch_slab":16,"quark:bamboo_mat":1,"regions_unexplored:raw_redstone_block":4,"minecraft:large_fern":1,"minecraft:deepslate_brick_slab":88,"regions_unexplored:larch_door":5,"minecraft:oak_trapdoor":18,"deep_dark_regrowth:sculk_moss_4":1,"treechop:chopped_log":38,"minecraft:peony":1,"fantasyfurniture:bone/skeleton/chandelier":9,"fantasyfurniture:royal/floor_light":2,"minecraft:deepslate_iron_ore":5,"minecraft:lantern":2,"fantasyfurniture:bone/wither/floor_light":3,"regions_unexplored:medium_grass":33,"minecraft:stone":1400,"fantasyfurniture:venthyr/shelf":1,"regions_unexplored:redstone_bulb":3,"minecraft:soul_torch":7,"regions_unexplored:mycotoxic_moss":3,"regions_unexplored:larch_trapdoor":7,"fantasyfurniture:venthyr/wardrobe_bottom":1,"minecraft:crafting_table":2,"minecraft:stone_slab":1,"quark:cobblestone_bricks_slab":37,"minecraft:lapis_ore":7,"butchersdelight:deadcowblock":1,"regions_unexplored:redstone_bud":4,"minecraft:coal_ore":175,"regions_unexplored:mycotoxic_mushrooms":1,"minecraft:cracked_stone_bricks":4,"minecraft:mossy_stone_bricks":4,"quark:violet_corundum_cluster":14,"regions_unexplored:larch_shrub":4},"minecraft:dropped":{"quark:pickarang":1,"hexerei:wax_blend":6,"minecraft:cooked_beef":9,"minecraft:cooked_porkchop":1,"hexerei:crow_blank_amulet":1,"minecraft:black_bed":1,"map_atlases:atlas":2,"undead_unleashed:grave_metal_scrap":5,"minecraft:dirt":14,"regions_unexplored:golden_larch_sapling":22,"minecraft:sand":1,"minecraft:iron_pickaxe":1,"hexerei:sage":7,"minecraft:bone":7,"minecraft:stone_axe":1,"minecraft:sugar_cane":1,"minecraft:rotten_flesh":6,"minecraft:oak_planks":27,"undead_unleashed:grave_metal_axe":1,"butchersdelight:hook":1,"minecraft:iron_ingot":1,"minecraft:black_dye":6,"minecraft:wheat_seeds":35,"supplementaries:bamboo_spikes":10,"minecraft:iron_helmet":1,"minecraft:cobblestone":476,"minecraft:granite":121,"graveyard:bone_dagger":1,"minecraft:coal":10,"quark:cobblestone_bricks":128,"minecraft:wooden_axe":1,"minecraft:dried_kelp":1,"minecraft:pumpkin":6,"minecraft:paper":2,"minecraft:string":22,"immersiveengineering:wirecoil_copper":28,"hexerei:animal_fat":1,"regions_unexplored:larch_log":26,"hexerei:sage_seed":7,"minecraft:soul_soil":19,"minecraft:stone_sword":4,"minecraft:cobblestone_wall":64,"minecraft:stone_shovel":1,"minecraft:clay_ball":19,"minecraft:iron_boots":42,"undead_unleashed:grave_metal_sword":1,"regions_unexplored:larch_slab":58,"minecraft:potato":62,"minecraft:stone":1,"minecraft:stone_bricks":5,"minecraft:spider_eye":8,"minecraft:bamboo":289,"minecraft:oak_log":1,"minecraft:baked_potato":88,"regions_unexplored:larch_planks":9,"regions_unexplored:glister_spire":5,"fantasyfurniture:venthyr/wall_light":1,"minecraft:cooked_mutton":6,"minecraft:carrot":1,"regions_unexplored:mycotoxic_grass":4,"supplementaries:soap":1,"travelersbackpack:pumpkin":1,"regions_unexplored:peat_dirt":62,"minecraft:gunpowder":9,"minecraft:beetroot_seeds":3,"minecraft:quartz":92,"immersiveengineering:seed":1,"minecraft:netherrack":43,"minecraft:bread":1,"regions_unexplored:larch_door":1,"minecraft:poisonous_potato":3,"minecraft:copper_ingot":4,"minecraft:stick":184,"minecraft:diorite":5,"minecraft:torch":28,"minecraft:iron_door":1,"minecraft:iron_leggings":1,"minecraft:bucket":1,"minecraft:kelp":5,"regions_unexplored:larch_shrub":2,"minecraft:flint_and_steel":1,"minecraft:filled_map":1,"minecraft:shield":1,"minecraft:iron_chestplate":1,"minecraft:mossy_stone_bricks":5,"minecraft:spruce_log":2,"minecraft:stone_pickaxe":6,"minecraft:wooden_pickaxe":1,"tenebrous_lands:zenyr":5,"quark:cobblestone_bricks_wall":64},"minecraft:custom":{"minecraft:interact_with_crafting_table":178,"minecraft:leave_game":19,"minecraft:time_since_death":168927,"minecraft:play_time":1662256,"minecraft:deaths":34,"minecraft:jump":8297,"minecraft:interact_with_furnace":39,"minecraft:interact_with_cartography_table":3,"minecraft:damage_dealt":29693,"minecraft:interact_with_smoker":11,"minecraft:inspect_dispenser":2,"minecraft:interact_with_smithing_table":4,"minecraft:sneak_time":98314,"minecraft:interact_with_blast_furnace":2,"minecraft:total_world_time":1662256,"minecraft:interact_with_stonecutter":31,"minecraft:time_since_rest":168961,"minecraft:swim_one_cm":149189,"minecraft:fly_one_cm":1194355,"minecraft:open_chest":663,"minecraft:fall_one_cm":151337,"minecraft:animals_bred":34,"minecraft:sprint_one_cm":2685133,"minecraft:drop":225,"minecraft:walk_on_water_one_cm":256908,"minecraft:crouch_one_cm":338390,"minecraft:mob_kills":194,"minecraft:interact_with_campfire":17,"minecraft:climb_one_cm":328488,"minecraft:walk_one_cm":6274469,"minecraft:walk_under_water_one_cm":150002,"minecraft:damage_taken":18590,"minecraft:damage_absorbed":20}},"DataVersion":3120}