{"stats":{"minecraft:crafted":{"regions_unexplored:larch_fence":174,"minecraft:cobblestone_slab":60,"minecraft:stone_shovel":2,"quark:birch_chest":11,"minecraft:birch_slab":42,"minecraft:furnace":2,"quark:birch_ladder":12,"regions_unexplored:larch_planks":1712,"minecraft:bone_meal":6,"regions_unexplored:larch_door":3,"minecraft:stone_pickaxe":7,"minecraft:chest":22,"quark:cobblestone_bricks_stairs":4,"minecraft:stone_hoe":4,"regions_unexplored:larch_stairs":192,"immersiveengineering:ingot_aluminum":14,"minecraft:crafting_table":3,"minecraft:baked_potato":8,"minecraft:wooden_pickaxe":2,"regions_unexplored:larch_trapdoor":16,"minecraft:copper_ingot":16,"minecraft:bucket":1,"minecraft:birch_planks":32,"minecraft:campfire":4,"minecraft:stone_axe":11,"minecraft:air":0,"minecraft:charcoal":35,"minecraft:shield":1,"minecraft:stick":568,"minecraft:iron_ingot":5,"minecraft:wooden_axe":1,"minecraft:stone_sword":5,"regions_unexplored:larch_slab":1080,"minecraft:torch":492,"regions_unexplored:larch_fence_gate":1,"regions_unexplored:larch_button":24},"minecraft:killed_by":{"cave_dweller:cave_dweller":1},"minecraft:used":{"quark:birch_chest":12,"minecraft:stone_sword":446,"quark:cobblestone_bricks_slab":283,"minecraft:stone_shovel":102,"minecraft:dried_kelp":12,"minecraft:ladder":4,"minecraft:chest":20,"undead_unleashed:grave_metal_sword":3,"minecraft:stone_hoe":100,"minecraft:rotten_flesh":2,"minecraft:stick":1,"minecraft:torch":491,"minecraft:cobblestone_wall":1,"undead_unleashed:grave_metal_axe":1,"minecraft:spruce_fence":1,"quark:birch_ladder":7,"minecraft:wooden_axe":10,"regions_unexplored:larch_fence":99,"minecraft:item_frame":2,"regions_unexplored:larch_planks":22,"minecraft:furnace":2,"minecraft:cooked_beef":3,"minecraft:potato":91,"minecraft:wheat_seeds":25,"minecraft:calcite":6,"minecraft:cooked_mutton":1,"minecraft:water_bucket":11,"minecraft:diorite":4,"minecraft:amethyst_block":2,"regions_unexplored:stripped_larch_log":1,"minecraft:birch_planks":9,"regions_unexplored:larch_fence_gate":1,"quark:cobblestone_bricks":331,"minecraft:stone_pickaxe":1255,"minecraft:baked_potato":17,"regions_unexplored:peat_dirt":92,"minecraft:wooden_pickaxe":81,"butchersdelightfoods:cookedsheepshank":14,"minecraft:stonecutter":2,"minecraft:cobblestone_slab":19,"minecraft:cracked_stone_bricks":2,"minecraft:golden_apple":2,"minecraft:rail":1,"minecraft:crafting_table":4,"minecraft:campfire":4,"regions_unexplored:larch_slab":1113,"minecraft:oak_log":19,"quark:cobblestone_bricks_wall":101,"regions_unexplored:larch_trapdoor":15,"minecraft:birch_slab":46,"minecraft:bread":10,"regions_unexplored:larch_stairs":132,"quark:cobblestone_bricks_stairs":4,"regions_unexplored:larch_log":379,"minecraft:gravel":5,"regions_unexplored:larch_pressure_plate":1,"minecraft:stone_axe":906,"regions_unexplored:larch_door":5,"minecraft:cobblestone":326,"minecraft:bucket":12,"supplementaries:bamboo_spikes":1,"minecraft:bone_meal":6},"minecraft:picked_up":{"regions_unexplored:pointed_redstone":1,"immersiveengineering:wirecutter":1,"minecraft:crafting_table":1,"regions_unexplored:larch_fence":16,"minecraft:charcoal":2,"minecraft:iron_chestplate":2,"minecraft:wheat":13,"minecraft:ladder":1,"regions_unexplored:larch_planks":78,"minecraft:amethyst_block":11,"minecraft:string":23,"minecraft:raw_copper":70,"minecraft:item_frame":2,"minecraft:iron_leggings":1,"butchersdelight:dead_cow":3,"graveyard:corruption":1,"minecraft:cracked_stone_bricks":5,"minecraft:cobbled_deepslate":2,"minecraft:spruce_planks":9,"undead_unleashed:grave_metal_sword":1,"regions_unexplored:larch_log":566,"minecraft:cobblestone_slab":2,"minecraft:calcite":14,"minecraft:iron_pickaxe":1,"minecraft:iron_boots":1,"minecraft:stick":175,"minecraft:torch":176,"minecraft:spruce_fence":1,"minecraft:dried_kelp":13,"quark:birch_chest":3,"minecraft:diorite":10,"regions_unexplored:raw_redstone_block":2,"minecraft:redstone":4,"hexerei:sage_seed":1,"regions_unexplored:purple_coneflower":1,"minecraft:arrow":8,"minecraft:stone_sword":1,"minecraft:rotten_flesh":11,"regions_unexplored:redstone_bulb":2,"regions_unexplored:golden_larch_sapling":98,"minecraft:rail":1,"minecraft:cobblestone":1025,"minecraft:birch_log":8,"born_in_chaos_v1:corpse_maggot":1,"regions_unexplored:peat_dirt":120,"minecraft:cooked_beef":4,"minecraft:birch_slab":11,"minecraft:andesite":1,"minecraft:potato":226,"minecraft:birch_planks":84,"minecraft:flint":1,"minecraft:oak_log":18,"minecraft:cobblestone_wall":26,"minecraft:gunpowder":31,"minecraft:lapis_lazuli":48,"minecraft:dirt":6,"minecraft:lantern":1,"minecraft:cooked_mutton":12,"minecraft:bone":21,"regions_unexplored:stripped_larch_log":10,"minecraft:stone_bricks":5,"minecraft:kelp":43,"minecraft:stonecutter":2,"minecraft:wheat_seeds":26,"minecraft:stone_pickaxe":3,"regions_unexplored:larch_sapling":12,"regions_unexplored:larch_trapdoor":5,"minecraft:mossy_stone_bricks":4,"regions_unexplored:larch_shrub":2,"quark:cobblestone_bricks_slab":9,"butchersdelightfoods:cookedsheepshank":16,"hexerei:animal_fat":1,"regions_unexplored:larch_stairs":22,"minecraft:smooth_basalt":11,"minecraft:pumpkin":6,"regions_unexplored:larch_door":2,"minecraft:gravel":15,"immersiveengineering:raw_aluminum":14,"hexerei:sage":5,"regions_unexplored:larch_slab":172,"undead_unleashed:grave_metal_scrap":16,"quark:cobblestone_bricks_wall":69,"minecraft:spider_eye":2,"regions_unexplored:cattail":1,"quark:cobblestone_bricks":20,"supplementaries:bamboo_spikes":11,"quark:cobblestone_bricks_stairs":4,"immersiveengineering:seed":3,"minecraft:iron_helmet":1,"regions_unexplored:larch_pressure_plate":6,"minecraft:granite":3,"undead_unleashed:grave_metal_axe":1,"minecraft:bread":2,"minecraft:coal":81,"minecraft:wooden_axe":1},"minecraft:killed":{"minecraft:cave_spider":4,"minecraft:witch":1,"graveyard:skeleton_creeper":2,"graveyard:revenant":3,"minecraft:spider":3,"born_in_chaos_v1:maggot":1,"minecraft:skeleton":9,"born_in_chaos_v1:corpse_fish":3,"minecraft:drowned":8,"minecraft:pig":1,"born_in_chaos_v1:baby_skeleton":1,"minecraft:bat":1,"minecraft:creeper":23,"difficult_spawners:evil_spirit":6,"minecraft:zombie":6,"born_in_chaos_v1:corpse_fly":1,"minecraft:cow":2},"minecraft:broken":{"minecraft:stone_sword":2,"minecraft:wooden_pickaxe":1,"minecraft:stone_pickaxe":9,"minecraft:stone_axe":4},"minecraft:mined":{"regions_unexplored:golden_larch_leaves":2,"minecraft:spruce_planks":9,"regions_unexplored:stripped_larch_log":10,"minecraft:ladder":4,"regions_unexplored:larch_planks":16,"minecraft:glow_lichen":1,"minecraft:granite":2,"minecraft:budding_amethyst":1,"quark:cobblestone_bricks_wall":4,"regions_unexplored:larch_stairs":25,"minecraft:birch_slab":5,"minecraft:kelp":7,"regions_unexplored:raw_redstone_block":4,"minecraft:large_fern":1,"minecraft:tall_seagrass":1,"regions_unexplored:larch_door":2,"regions_unexplored:pointed_redstone":2,"supplementaries:bamboo_spikes":1,"regions_unexplored:larch_slab":138,"minecraft:andesite":1,"minecraft:pumpkin":7,"treechop:chopped_log":17,"minecraft:peony":1,"regions_unexplored:larch_pressure_plate":4,"minecraft:potatoes":1,"supplementaries:stick":1,"minecraft:cobblestone_slab":1,"minecraft:lantern":2,"regions_unexplored:medium_grass":9,"regions_unexplored:larch_log":141,"minecraft:stone":910,"immersiveengineering:ore_aluminum":14,"regions_unexplored:redstone_bulb":1,"quark:cobblestone_bricks_stairs":4,"minecraft:kelp_plant":8,"regions_unexplored:larch_trapdoor":4,"minecraft:crafting_table":1,"quark:cobblestone_bricks":20,"minecraft:torch":47,"regions_unexplored:peat_grass_block":104,"minecraft:calcite":17,"quark:cobblestone_bricks_slab":9,"minecraft:copper_ore":6,"minecraft:cobblestone":132,"minecraft:lapis_ore":7,"minecraft:diorite":10,"minecraft:wall_torch":97,"minecraft:amethyst_block":11,"minecraft:cobblestone_wall":27,"butchersdelight:deadcowblock":1,"regions_unexplored:redstone_bud":4,"realmrpg_skeletons:webbed_skeleton":1,"minecraft:birch_log":7,"regions_unexplored:larch_fence":7,"minecraft:oak_log":19,"minecraft:grass":7,"quark:birch_chest":3,"minecraft:coal_ore":85,"regions_unexplored:peat_dirt":15,"minecraft:gravel":16,"minecraft:dirt":6,"minecraft:cobweb":9,"minecraft:cracked_stone_bricks":4,"minecraft:smooth_basalt":14,"minecraft:stonecutter":2,"minecraft:stone_bricks":2,"minecraft:mossy_stone_bricks":2,"minecraft:deepslate":2,"regions_unexplored:larch_shrub":1},"minecraft:dropped":{"minecraft:iron_ingot":1,"minecraft:bread":1,"regions_unexplored:larch_door":1,"supplementaries:bamboo_spikes":10,"minecraft:cooked_beef":1,"regions_unexplored:larch_planks":9,"minecraft:cobblestone":113,"minecraft:copper_ingot":4,"minecraft:coal":10,"minecraft:stick":183,"minecraft:diorite":1,"quark:cobblestone_bricks":128,"minecraft:torch":1,"minecraft:wooden_axe":1,"regions_unexplored:golden_larch_sapling":3,"minecraft:dried_kelp":1,"minecraft:pumpkin":6,"minecraft:string":1,"hexerei:sage":4,"regions_unexplored:larch_log":25,"hexerei:animal_fat":1,"minecraft:kelp":5,"minecraft:cobblestone_wall":64,"minecraft:stone_sword":2,"minecraft:stone_shovel":1,"minecraft:rotten_flesh":2,"minecraft:cooked_mutton":6,"regions_unexplored:larch_slab":58,"minecraft:filled_map":1,"regions_unexplored:peat_dirt":17,"minecraft:gunpowder":2,"minecraft:beetroot_seeds":3,"minecraft:mossy_stone_bricks":4,"minecraft:spider_eye":1,"minecraft:stone_bricks":5,"minecraft:spruce_log":2,"minecraft:wooden_pickaxe":1,"minecraft:stone_pickaxe":3,"quark:cobblestone_bricks_wall":64},"minecraft:custom":{"minecraft:mob_kills":71,"minecraft:interact_with_crafting_table":75,"minecraft:interact_with_campfire":17,"minecraft:leave_game":8,"minecraft:time_since_death":221590,"minecraft:climb_one_cm":51542,"minecraft:sprint_one_cm":520514,"minecraft:walk_one_cm":2344495,"minecraft:drop":53,"minecraft:play_time":397359,"minecraft:deaths":2,"minecraft:sneak_time":30551,"minecraft:walk_under_water_one_cm":45730,"minecraft:jump":2570,"minecraft:walk_on_water_one_cm":71721,"minecraft:total_world_time":397359,"minecraft:interact_with_furnace":32,"minecraft:interact_with_stonecutter":5,"minecraft:time_since_rest":221646,"minecraft:damage_taken":3240,"minecraft:damage_absorbed":20,"minecraft:damage_dealt":11756,"minecraft:swim_one_cm":16841,"minecraft:fly_one_cm":208060,"minecraft:open_chest":143,"minecraft:crouch_one_cm":108444,"minecraft:interact_with_smoker":3,"minecraft:fall_one_cm":40378}},"DataVersion":3120}