{"stats":{"minecraft:used":{"quark:birch_chest":2,"minecraft:stone_sword":227,"minecraft:dried_kelp":9,"minecraft:stone_hoe":4,"minecraft:rotten_flesh":2,"minecraft:torch":106,"undead_unleashed:grave_metal_axe":1,"minecraft:spruce_fence":1,"minecraft:wooden_axe":10,"minecraft:furnace":1,"minecraft:cooked_beef":3,"minecraft:potato":30,"minecraft:calcite":6,"minecraft:diorite":4,"minecraft:amethyst_block":2,"minecraft:stone_pickaxe":634,"minecraft:baked_potato":2,"regions_unexplored:peat_dirt":1,"minecraft:wooden_pickaxe":81,"minecraft:stonecutter":1,"minecraft:cobblestone_slab":19,"minecraft:cracked_stone_bricks":2,"minecraft:golden_apple":2,"minecraft:rail":1,"minecraft:crafting_table":1,"minecraft:bread":10,"minecraft:gravel":5,"minecraft:stone_axe":183,"regions_unexplored:larch_door":1,"minecraft:cobblestone":21},"minecraft:mined":{"regions_unexplored:golden_larch_leaves":1,"minecraft:spruce_planks":9,"minecraft:glow_lichen":1,"minecraft:granite":2,"minecraft:budding_amethyst":1,"regions_unexplored:raw_redstone_block":4,"minecraft:large_fern":1,"regions_unexplored:pointed_redstone":2,"minecraft:andesite":1,"minecraft:pumpkin":7,"treechop:chopped_log":11,"minecraft:peony":1,"minecraft:cobblestone_slab":1,"minecraft:lantern":2,"regions_unexplored:medium_grass":6,"regions_unexplored:larch_log":121,"minecraft:stone":489,"immersiveengineering:ore_aluminum":14,"regions_unexplored:redstone_bulb":1,"minecraft:kelp_plant":6,"minecraft:torch":8,"regions_unexplored:peat_grass_block":2,"minecraft:calcite":17,"minecraft:copper_ore":6,"minecraft:cobblestone":17,"minecraft:lapis_ore":7,"minecraft:diorite":10,"minecraft:wall_torch":22,"minecraft:amethyst_block":11,"butchersdelight:deadcowblock":1,"regions_unexplored:redstone_bud":4,"realmrpg_skeletons:webbed_skeleton":1,"minecraft:birch_log":7,"minecraft:grass":4,"minecraft:coal_ore":73,"regions_unexplored:peat_dirt":10,"minecraft:gravel":16,"minecraft:dirt":6,"minecraft:cobweb":9,"minecraft:cracked_stone_bricks":4,"minecraft:smooth_basalt":14,"minecraft:stonecutter":1,"minecraft:stone_bricks":2,"minecraft:mossy_stone_bricks":2,"minecraft:deepslate":2,"regions_unexplored:larch_shrub":1},"minecraft:broken":{"minecraft:stone_sword":1,"minecraft:wooden_pickaxe":1,"minecraft:stone_pickaxe":4},"minecraft:custom":{"minecraft:mob_kills":20,"minecraft:interact_with_crafting_table":17,"minecraft:interact_with_campfire":13,"minecraft:leave_game":7,"minecraft:time_since_death":114585,"minecraft:climb_one_cm":7507,"minecraft:sprint_one_cm":250586,"minecraft:walk_one_cm":831425,"minecraft:drop":29,"minecraft:play_time":150746,"minecraft:deaths":1,"minecraft:sneak_time":11697,"minecraft:walk_under_water_one_cm":13583,"minecraft:jump":1702,"minecraft:walk_on_water_one_cm":21724,"minecraft:total_world_time":150746,"minecraft:interact_with_furnace":12,"minecraft:time_since_rest":114605,"minecraft:damage_taken":1138,"minecraft:damage_absorbed":20,"minecraft:damage_dealt":3293,"minecraft:swim_one_cm":10305,"minecraft:fly_one_cm":136388,"minecraft:open_chest":40,"minecraft:crouch_one_cm":33492,"minecraft:fall_one_cm":20927},"minecraft:dropped":{"minecraft:bread":1,"minecraft:cooked_beef":1,"minecraft:cobblestone":113,"minecraft:copper_ingot":4,"minecraft:coal":10,"minecraft:stick":5,"minecraft:diorite":1,"minecraft:torch":1,"minecraft:wooden_axe":1,"minecraft:pumpkin":6,"minecraft:string":1,"hexerei:animal_fat":1,"minecraft:stone_sword":2,"minecraft:rotten_flesh":2,"minecraft:filled_map":1,"regions_unexplored:peat_dirt":4,"minecraft:gunpowder":2,"minecraft:beetroot_seeds":3,"minecraft:mossy_stone_bricks":4,"minecraft:spider_eye":1,"minecraft:stone_bricks":5,"minecraft:spruce_log":2,"minecraft:wooden_pickaxe":1,"minecraft:stone_pickaxe":2},"minecraft:picked_up":{"regions_unexplored:pointed_redstone":1,"minecraft:iron_chestplate":1,"minecraft:amethyst_block":11,"minecraft:string":21,"minecraft:raw_copper":70,"butchersdelight:dead_cow":3,"minecraft:cracked_stone_bricks":5,"minecraft:cobbled_deepslate":2,"minecraft:spruce_planks":9,"regions_unexplored:larch_log":183,"minecraft:cobblestone_slab":2,"minecraft:calcite":14,"minecraft:stick":9,"minecraft:torch":40,"minecraft:spruce_fence":1,"minecraft:dried_kelp":9,"minecraft:diorite":10,"regions_unexplored:raw_redstone_block":2,"minecraft:redstone":4,"regions_unexplored:purple_coneflower":1,"minecraft:stone_sword":1,"minecraft:rotten_flesh":3,"regions_unexplored:redstone_bulb":2,"regions_unexplored:golden_larch_sapling":19,"minecraft:rail":1,"minecraft:cobblestone":511,"minecraft:birch_log":8,"regions_unexplored:peat_dirt":13,"minecraft:cooked_beef":4,"minecraft:andesite":1,"minecraft:potato":30,"minecraft:flint":1,"minecraft:gunpowder":4,"minecraft:lapis_lazuli":48,"minecraft:dirt":6,"minecraft:lantern":1,"minecraft:bone":6,"minecraft:stone_bricks":5,"minecraft:kelp":34,"minecraft:stonecutter":1,"minecraft:wheat_seeds":1,"minecraft:stone_pickaxe":2,"minecraft:mossy_stone_bricks":4,"regions_unexplored:larch_shrub":2,"hexerei:animal_fat":1,"minecraft:smooth_basalt":11,"minecraft:pumpkin":6,"minecraft:gravel":15,"immersiveengineering:raw_aluminum":14,"undead_unleashed:grave_metal_scrap":3,"minecraft:spider_eye":1,"immersiveengineering:seed":3,"minecraft:granite":3,"undead_unleashed:grave_metal_axe":1,"minecraft:bread":2,"minecraft:coal":69,"minecraft:wooden_axe":1},"minecraft:killed":{"minecraft:cave_spider":4,"minecraft:skeleton":2,"minecraft:pig":1,"minecraft:bat":1,"minecraft:creeper":3,"difficult_spawners:evil_spirit":6,"minecraft:zombie":1,"minecraft:cow":2},"minecraft:crafted":{"minecraft:cobblestone_slab":60,"quark:birch_chest":4,"minecraft:furnace":1,"regions_unexplored:larch_planks":44,"minecraft:stone_pickaxe":3,"minecraft:chest":2,"minecraft:stone_hoe":1,"immersiveengineering:ingot_aluminum":14,"minecraft:crafting_table":1,"minecraft:wooden_pickaxe":2,"minecraft:copper_ingot":16,"minecraft:birch_planks":32,"minecraft:stone_axe":1,"minecraft:air":0,"minecraft:stick":32,"minecraft:wooden_axe":1,"minecraft:stone_sword":2,"minecraft:torch":120}},"DataVersion":3120}