{"stats":{"minecraft:mined":{"regions_unexplored:golden_larch_leaves":2,"minecraft:spruce_planks":9,"regions_unexplored:stripped_larch_log":10,"minecraft:carved_pumpkin":8,"regions_unexplored:larch_planks":18,"regions_unexplored:cattail":11,"minecraft:granite":132,"minecraft:budding_amethyst":1,"minecraft:grass_block":54,"quark:cobblestone_bricks_wall":5,"regions_unexplored:larch_stairs":26,"regions_unexplored:purple_coneflower":24,"minecraft:tall_seagrass":1,"regions_unexplored:pointed_redstone":2,"supplementaries:ash":4,"minecraft:iron_ore":2,"minecraft:fire":5,"minecraft:pumpkin":15,"supplementaries:stick":5,"fantasyfurniture:dunmer/bed_double":2,"regions_unexplored:larch_log":142,"quark:cobblestone_bricks_stairs":4,"minecraft:kelp_plant":9,"minecraft:deepslate_brick_wall":3,"supplementaries:timber_cross_brace":1,"minecraft:torch":88,"quark:cobblestone_bricks":20,"regions_unexplored:peat_grass_block":564,"minecraft:calcite":17,"minecraft:cobblestone":133,"minecraft:sugar_cane":59,"minecraft:iron_door":3,"minecraft:wall_torch":124,"minecraft:amethyst_block":11,"minecraft:seagrass":1,"realmrpg_skeletons:webbed_skeleton":1,"minecraft:birch_log":7,"regions_unexplored:larch_fence":8,"regions_unexplored:maple_fence":6,"quark:birch_ladder":4,"minecraft:grass":18,"quark:birch_chest":3,"minecraft:oak_log":20,"regions_unexplored:peat_dirt":212,"minecraft:sand":3,"minecraft:dirt":14,"minecraft:smooth_basalt":21,"minecraft:stonecutter":2,"minecraft:oak_leaves":1,"minecraft:deepslate":2,"minecraft:jack_o_lantern":5,"minecraft:glow_lichen":1,"butchersdelight:deadsheepblock":1,"minecraft:ladder":4,"minecraft:birch_slab":5,"minecraft:kelp":36,"quark:bamboo_mat":1,"regions_unexplored:raw_redstone_block":4,"minecraft:large_fern":1,"minecraft:deepslate_brick_slab":12,"supplementaries:rope":3,"regions_unexplored:larch_door":4,"minecraft:oak_trapdoor":9,"supplementaries:bamboo_spikes":26,"regions_unexplored:larch_slab":141,"minecraft:andesite":38,"treechop:chopped_log":20,"minecraft:peony":1,"regions_unexplored:larch_pressure_plate":4,"minecraft:potatoes":1,"minecraft:cobblestone_slab":1,"minecraft:lantern":2,"regions_unexplored:medium_grass":26,"minecraft:bamboo_sapling":4,"minecraft:bamboo":44,"minecraft:stone":1210,"immersiveengineering:ore_aluminum":14,"regions_unexplored:redstone_bulb":1,"supplementaries:gold_gate":6,"regions_unexplored:larch_trapdoor":4,"boh:kindness_flower":12,"minecraft:crafting_table":1,"quark:cobblestone_bricks_slab":16,"minecraft:copper_ore":39,"minecraft:lapis_ore":7,"minecraft:diorite":14,"minecraft:cobblestone_wall":27,"butchersdelight:deadcowblock":1,"regions_unexplored:redstone_bud":4,"minecraft:coal_ore":146,"minecraft:gravel":16,"minecraft:cobweb":18,"minecraft:cracked_stone_bricks":4,"minecraft:stone_bricks":2,"minecraft:mossy_stone_bricks":2,"regions_unexplored:larch_shrub":3},"minecraft:picked_up":{"regions_unexplored:pointed_redstone":1,"minecraft:iron_chestplate":2,"spore:mutated_heart":1,"minecraft:wheat":134,"regions_unexplored:larch_planks":80,"minecraft:amethyst_block":11,"minecraft:string":35,"minecraft:raw_copper":192,"butchersdelightfoods:goat_loin":2,"minecraft:iron_leggings":1,"minecraft:cobbled_deepslate":2,"minecraft:spruce_planks":9,"undead_unleashed:grave_metal_sword":1,"regions_unexplored:larch_log":706,"minecraft:cobblestone_slab":2,"minecraft:calcite":14,"minecraft:iron_pickaxe":1,"minecraft:iron_boots":1,"minecraft:stick":224,"minecraft:deepslate_brick_wall":2,"minecraft:torch":256,"minecraft:porkchop":1,"minecraft:dried_kelp":13,"regions_unexplored:raw_redstone_block":2,"minecraft:diorite":14,"minecraft:stone_sword":2,"minecraft:rotten_flesh":14,"butchersdelightfoods:ham":1,"minecraft:carved_pumpkin":8,"supplementaries:ash":18,"minecraft:cobblestone":1325,"regions_unexplored:golden_larch_sapling":124,"minecraft:birch_log":8,"minecraft:cooked_beef":4,"minecraft:iron_door":3,"minecraft:birch_slab":11,"minecraft:andesite":38,"minecraft:potato":548,"map_atlases:atlas":2,"minecraft:flint":1,"butchersdelight:goat_fur":2,"minecraft:lantern":1,"minecraft:lapis_lazuli":48,"minecraft:dirt":58,"minecraft:bone":32,"minecraft:stonecutter":2,"minecraft:wheat_seeds":250,"minecraft:deepslate_brick_slab":13,"regions_unexplored:larch_trapdoor":5,"minecraft:mossy_stone_bricks":4,"regions_unexplored:larch_shrub":6,"quark:cobblestone_bricks_slab":15,"minecraft:bamboo":537,"butchersdelightfoods:cookedsheepshank":16,"butchersdelightfoods:goat_shank":2,"hexerei:animal_fat":1,"regions_unexplored:larch_stairs":23,"butchersdelightfoods:porkloin":1,"minecraft:poisonous_potato":7,"regions_unexplored:larch_door":4,"minecraft:sand":5,"immersiveengineering:raw_aluminum":14,"hexerei:sage":8,"regions_unexplored:larch_slab":178,"minecraft:ink_sac":12,"quark:cobblestone_bricks_wall":98,"fantasyfurniture:dunmer/bed_double":2,"regions_unexplored:cattail":11,"quark:birch_ladder":4,"quark:cobblestone_bricks_stairs":4,"supplementaries:bamboo_spikes":35,"minecraft:granite":130,"minecraft:bone_meal":2,"minecraft:bread":2,"born_in_chaos_v1:rotten_fish":2,"minecraft:jack_o_lantern":6,"butchersdelightfoods:sheepshank":1,"immersiveengineering:wirecutter":1,"minecraft:charcoal":2,"regions_unexplored:larch_fence":17,"minecraft:crafting_table":1,"minecraft:ladder":1,"minecraft:oak_trapdoor":9,"supplementaries:timber_cross_brace":1,"hexerei:witch_hazel_broom":11,"minecraft:item_frame":3,"butchersdelight:dead_cow":3,"graveyard:corruption":3,"butchersdelightfoods:sheeploin":1,"minecraft:cracked_stone_bricks":5,"supplementaries:rope":3,"minecraft:sugar_cane":145,"minecraft:chest":1,"butchersdelightfoods:porkribs":1,"minecraft:raw_iron":2,"minecraft:copper_ingot":1,"minecraft:spruce_fence":1,"quark:birch_chest":3,"minecraft:redstone":4,"regions_unexplored:purple_coneflower":50,"hexerei:sage_seed":9,"minecraft:arrow":11,"butchersdelight:deadsheep":3,"regions_unexplored:redstone_bulb":2,"quark:bamboo_mat":1,"butchersdelightfoods:sheeprack":1,"minecraft:mutton":3,"minecraft:rail":1,"minecraft:white_wool":1,"born_in_chaos_v1:corpse_maggot":1,"regions_unexplored:peat_dirt":830,"regions_unexplored:maple_fence":6,"minecraft:salmon":3,"minecraft:birch_planks":84,"butchersdelightfoods:goatrack":2,"minecraft:oak_log":19,"minecraft:cobblestone_wall":26,"minecraft:gunpowder":36,"minecraft:paper":2,"minecraft:cooked_mutton":12,"regions_unexplored:stripped_larch_log":10,"minecraft:stone_bricks":5,"boh:kindness_flower":12,"minecraft:kelp":68,"minecraft:stone_pickaxe":5,"supplementaries:gold_gate":6,"regions_unexplored:larch_sapling":15,"minecraft:smooth_basalt":11,"minecraft:pumpkin":14,"minecraft:gravel":15,"undead_unleashed:grave_metal_scrap":29,"minecraft:spider_eye":3,"quark:cobblestone_bricks":20,"butchersdelight:sheephide":1,"minecraft:pumpkin_seeds":32,"immersiveengineering:seed":6,"regions_unexplored:larch_pressure_plate":6,"minecraft:iron_helmet":1,"undead_unleashed:grave_metal_axe":1,"minecraft:coal":142,"minecraft:wooden_axe":1},"minecraft:custom":{"minecraft:animals_bred":24,"minecraft:interact_with_crafting_table":134,"minecraft:leave_game":12,"minecraft:time_since_death":114442,"minecraft:sprint_one_cm":1543734,"minecraft:drop":90,"minecraft:play_time":853663,"minecraft:deaths":8,"minecraft:jump":5338,"minecraft:walk_on_water_one_cm":174108,"minecraft:interact_with_furnace":32,"minecraft:damage_dealt":16869,"minecraft:crouch_one_cm":163765,"minecraft:interact_with_smoker":6,"minecraft:mob_kills":98,"minecraft:interact_with_campfire":17,"minecraft:climb_one_cm":161274,"minecraft:walk_one_cm":3666463,"minecraft:sneak_time":46848,"minecraft:walk_under_water_one_cm":95141,"minecraft:total_world_time":853663,"minecraft:interact_with_stonecutter":11,"minecraft:time_since_rest":114488,"minecraft:damage_absorbed":20,"minecraft:damage_taken":7230,"minecraft:swim_one_cm":100290,"minecraft:fly_one_cm":801831,"minecraft:open_chest":352,"minecraft:fall_one_cm":97048},"minecraft:dropped":{"minecraft:cooked_beef":1,"regions_unexplored:larch_planks":9,"minecraft:black_bed":1,"map_atlases:atlas":2,"undead_unleashed:grave_metal_scrap":5,"minecraft:dirt":13,"regions_unexplored:golden_larch_sapling":22,"hexerei:sage":7,"minecraft:bone":1,"minecraft:sugar_cane":1,"minecraft:rotten_flesh":2,"minecraft:cooked_mutton":6,"minecraft:carrot":1,"supplementaries:soap":1,"regions_unexplored:peat_dirt":33,"minecraft:gunpowder":2,"minecraft:beetroot_seeds":3,"butchersdelight:hook":1,"immersiveengineering:seed":1,"minecraft:iron_ingot":1,"minecraft:bread":1,"minecraft:wheat_seeds":34,"regions_unexplored:larch_door":1,"supplementaries:bamboo_spikes":10,"minecraft:poisonous_potato":3,"minecraft:cobblestone":113,"minecraft:copper_ingot":4,"minecraft:coal":10,"minecraft:stick":183,"minecraft:diorite":1,"minecraft:torch":1,"quark:cobblestone_bricks":128,"minecraft:wooden_axe":1,"minecraft:iron_door":1,"minecraft:dried_kelp":1,"minecraft:pumpkin":6,"minecraft:paper":2,"minecraft:string":1,"hexerei:animal_fat":1,"minecraft:kelp":5,"regions_unexplored:larch_log":26,"hexerei:sage_seed":7,"regions_unexplored:larch_shrub":2,"minecraft:stone_sword":4,"minecraft:cobblestone_wall":64,"minecraft:stone_shovel":1,"regions_unexplored:larch_slab":58,"minecraft:filled_map":1,"minecraft:potato":62,"minecraft:mossy_stone_bricks":4,"minecraft:spider_eye":2,"minecraft:stone_bricks":5,"minecraft:spruce_log":2,"minecraft:stone_pickaxe":6,"minecraft:wooden_pickaxe":1,"quark:cobblestone_bricks_wall":64},"minecraft:used":{"minecraft:jack_o_lantern":14,"quark:cobblestone_bricks_slab":436,"minecraft:ladder":4,"quark:bamboo_mat":1,"minecraft:chest":21,"minecraft:rotten_flesh":2,"undead_unleashed:grave_metal_sword":25,"minecraft:deepslate_brick_slab":139,"regions_unexplored:overgrown_bone_block":2,"undead_unleashed:grave_metal_axe":1,"boh:kindness_flower":10,"quark:birch_ladder":10,"minecraft:item_frame":3,"minecraft:bow":3,"minecraft:furnace":2,"minecraft:potato":92,"minecraft:deepslate_brick_wall":119,"minecraft:diorite":4,"butchersdelightfoods:coockedbeeftenderloin":10,"regions_unexplored:larch_fence_gate":1,"minecraft:stone_pickaxe":1825,"minecraft:wooden_pickaxe":81,"butchersdelightfoods:cookedsheepshank":16,"minecraft:sugar_cane":80,"minecraft:golden_apple":2,"fantasyfurniture:dunmer/bed_double":2,"regions_unexplored:larch_slab":1119,"minecraft:shears":8,"quark:paper_wall":10,"quark:cobblestone_bricks_wall":102,"supplementaries:gold_gate":10,"minecraft:birch_slab":46,"regions_unexplored:larch_stairs":133,"minecraft:bread":13,"quark:cobblestone_bricks_stairs":4,"minecraft:iron_door":2,"minecraft:gravel":5,"regions_unexplored:larch_pressure_plate":1,"regions_unexplored:larch_door":7,"regions_unexplored:cattail":4,"supplementaries:timber_cross_brace":1,"supplementaries:bamboo_spikes":16,"minecraft:bone_meal":6,"minecraft:cobweb":6,"minecraft:oak_trapdoor":22,"quark:birch_chest":12,"minecraft:stone_sword":553,"minecraft:flint_and_steel":15,"butchersdelightfoods:cookedporkloin":2,"minecraft:stone_shovel":733,"minecraft:dried_kelp":12,"minecraft:stone_hoe":101,"butchersdelightfoods:cooked_leg_cow":4,"minecraft:stick":5,"minecraft:torch":640,"minecraft:spyglass":14,"minecraft:cobblestone_wall":1,"minecraft:spruce_fence":1,"minecraft:wooden_axe":10,"regions_unexplored:larch_fence":100,"regions_unexplored:maple_fence":22,"regions_unexplored:purple_coneflower":46,"minecraft:bamboo":146,"regions_unexplored:larch_planks":24,"minecraft:cooked_beef":6,"minecraft:pumpkin":8,"minecraft:calcite":6,"minecraft:wheat_seeds":41,"minecraft:cooked_mutton":1,"minecraft:water_bucket":13,"minecraft:amethyst_block":2,"regions_unexplored:stripped_larch_log":1,"minecraft:birch_planks":9,"quark:cobblestone_bricks":331,"minecraft:baked_potato":47,"regions_unexplored:peat_dirt":655,"minecraft:stonecutter":2,"minecraft:cobblestone_slab":19,"minecraft:cracked_stone_bricks":2,"minecraft:rail":1,"minecraft:crafting_table":4,"minecraft:campfire":10,"minecraft:oak_log":27,"regions_unexplored:larch_trapdoor":18,"hexerei:witch_hazel_broom":10,"quark:pickarang":264,"minecraft:iron_pickaxe":18,"regions_unexplored:larch_log":379,"minecraft:stone_axe":1042,"minecraft:fishing_rod":4,"minecraft:cobblestone":378,"minecraft:bucket":15},"minecraft:crafted":{"minecraft:black_dye":6,"regions_unexplored:larch_fence":174,"minecraft:oak_planks":40,"minecraft:cobblestone_slab":60,"quark:birch_chest":11,"regions_unexplored:maple_planks":52,"minecraft:birch_slab":42,"supplementaries:soap":6,"quark:birch_ladder":12,"regions_unexplored:larch_planks":1728,"butchersdelightfoods:cooked_leg_cow":5,"regions_unexplored:larch_door":3,"minecraft:chest":23,"minecraft:stone_hoe":4,"supplementaries:flute":1,"regions_unexplored:larch_stairs":192,"quark:paper_wall":48,"immersiveengineering:ingot_aluminum":14,"regions_unexplored:maple_fence":21,"supplementaries:rope_arrow":7,"minecraft:crafting_table":3,"minecraft:wooden_pickaxe":2,"minecraft:baked_potato":72,"immersiveengineering:wire_copper":31,"minecraft:copper_ingot":43,"minecraft:birch_planks":32,"minecraft:campfire":10,"undead_unleashed:grave_metal_sword":1,"regions_unexplored:overgrown_bone_block":2,"minecraft:paper":54,"minecraft:charcoal":35,"minecraft:shield":1,"minecraft:stick":620,"minecraft:iron_ingot":5,"minecraft:iron_pickaxe":1,"minecraft:stone_sword":6,"quark:pickarang":2,"regions_unexplored:larch_fence_gate":1,"immersiveengineering:plate_copper":31,"regions_unexplored:larch_button":24,"quark:rope":12,"immersiveengineering:wirecoil_copper":28,"minecraft:coal":45,"minecraft:stone_shovel":11,"minecraft:fishing_rod":1,"minecraft:furnace":2,"minecraft:jack_o_lantern":8,"minecraft:bone_meal":30,"minecraft:oak_trapdoor":16,"minecraft:stone_pickaxe":14,"quark:cobblestone_bricks_stairs":4,"undead_unleashed:grave_metal_ingot":2,"butchersdelight:hook":1,"regions_unexplored:larch_trapdoor":20,"supplementaries:timber_cross_brace":1,"minecraft:bucket":1,"minecraft:stone_axe":11,"butchersdelightfoods:coockedbeeftenderloin":10,"minecraft:bread":3,"minecraft:air":0,"supplementaries:gold_gate":4,"quark:bamboo_mat":2,"supplementaries:bubble_blower":4,"minecraft:wooden_axe":1,"regions_unexplored:larch_slab":1080,"minecraft:torch":660},"minecraft:killed_by":{"minecraft:sheep":1,"minecraft:creeper":3,"minecraft:drowned":1,"born_in_chaos_v1:corpse_fish":1,"cave_dweller:cave_dweller":1},"minecraft:broken":{"minecraft:iron_boots":1,"minecraft:iron_leggings":1,"minecraft:stone_pickaxe":12,"minecraft:stone_axe":4,"minecraft:stone_shovel":4,"undead_unleashed:grave_metal_sword":1,"minecraft:stone_sword":2,"minecraft:wooden_pickaxe":1,"minecraft:iron_helmet":1},"minecraft:killed":{"minecraft:cave_spider":4,"minecraft:witch":1,"graveyard:skeleton_creeper":2,"minecraft:spider":9,"minecraft:skeleton":15,"minecraft:pig":1,"minecraft:creeper":28,"minecraft:sheep":1,"minecraft:zombie":6,"born_in_chaos_v1:corpse_fly":1,"minecraft:cow":2,"graveyard:revenant":6,"born_in_chaos_v1:maggot":1,"minecraft:drowned":11,"born_in_chaos_v1:corpse_fish":4,"born_in_chaos_v1:baby_skeleton":1,"minecraft:bat":1,"spore:inf_pillager":1,"difficult_spawners:evil_spirit":6,"minecraft:villager":1}},"DataVersion":3120}