{"stats":{"minecraft:used":{"minecraft:baked_potato":2,"minecraft:torch":1},"minecraft:picked_up":{"minecraft:baked_potato":32,"minecraft:torch":1},"minecraft:mined":{"minecraft:wall_torch":1},"minecraft:custom":{"minecraft:jump":53,"minecraft:time_since_rest":32413,"minecraft:damage_dealt":25,"minecraft:crouch_one_cm":176,"minecraft:leave_game":2,"minecraft:play_time":32413,"minecraft:sprint_one_cm":1161,"minecraft:damage_taken":290,"minecraft:time_since_death":32413,"minecraft:walk_one_cm":64068,"minecraft:total_world_time":32413,"minecraft:sneak_time":20,"minecraft:climb_one_cm":1764,"minecraft:fall_one_cm":1048,"minecraft:fly_one_cm":173}},"DataVersion":3120}