{"stats":{"minecraft:crafted":{"immersiveengineering:manual":1,"regions_unexplored:larch_planks":68,"minecraft:lever":2,"travelersbackpack:white_sleeping_bag":1,"minecraft:stone_pickaxe":9,"minecraft:cobblestone_wall":32,"minecraft:chest":9,"quark:spruce_chest":1,"minecraft:map":2,"minecraft:spruce_planks":8,"minecraft:dried_kelp":1,"quark:cobblestone_bricks_wall":64,"hexerei:herb_drying_rack":1,"minecraft:pumpkin_seeds":8,"minecraft:stone_axe":4,"minecraft:bread":3,"minecraft:cartography_table":1,"minecraft:white_wool":3,"minecraft:book":1,"minecraft:paper":9,"minecraft:stick":36,"minecraft:stone_sword":4,"regions_unexplored:larch_slab":6},"minecraft:killed_by":{"minecraft:creeper":2,"boh:jeff_the_killer":1,"spore:inf_wanderer":1,"undead_unleashed:frenzied_knight":2,"minecraft:skeleton":4,"cave_dweller:cave_dweller":1},"minecraft:used":{"minecraft:jack_o_lantern":3,"quark:birch_chest":1,"minecraft:stone_sword":241,"minecraft:stone_shovel":60,"minecraft:dried_kelp":35,"immersiveengineering:seed":1,"minecraft:chest":14,"minecraft:cooked_chicken":1,"minecraft:torch":63,"minecraft:dirt":16,"minecraft:cobblestone_wall":26,"minecraft:carrot":2,"minecraft:wooden_axe":23,"quark:spruce_chest":2,"regions_unexplored:larch_planks":1,"minecraft:potato":10,"minecraft:cooked_beef":1,"hexerei:herb_drying_rack":5,"minecraft:pumpkin":1,"minecraft:wheat_seeds":24,"minecraft:diorite":6,"minecraft:cobblestone_stairs":4,"minecraft:stone_pickaxe":1067,"minecraft:baked_potato":27,"regions_unexplored:peat_dirt":276,"minecraft:cartography_table":1,"minecraft:crafting_table":2,"minecraft:black_bed":2,"regions_unexplored:larch_slab":2,"quark:cobblestone_bricks_wall":36,"minecraft:flower_pot":1,"minecraft:diamond_pickaxe":1,"minecraft:apple":3,"minecraft:bread":3,"minecraft:iron_pickaxe":262,"minecraft:map":1,"minecraft:stone_axe":355,"regions_unexplored:larch_door":5,"minecraft:cobblestone":738,"minecraft:andesite":3},"minecraft:picked_up":{"regions_unexplored:pointed_redstone":1,"supplementaries:regions_unexplored/sign_post_magnolia":1,"minecraft:iron_chestplate":2,"minecraft:crafting_table":2,"minecraft:wheat":10,"regions_unexplored:mycotoxic_grass":5,"regions_unexplored:larch_planks":2,"minecraft:flower_pot":2,"born_in_chaos_v1:black_argillite":1,"minecraft:moss_carpet":1,"minecraft:string":15,"minecraft:raw_copper":35,"minecraft:cooked_salmon":1,"minecraft:orange_glazed_terracotta":1,"butchersdelightfoods:cookedporkribs":2,"immersiveengineering:raw_lead":1,"quark:spruce_chest":2,"minecraft:cobbled_deepslate":204,"minecraft:spruce_planks":3,"undead_unleashed:grave_metal_sword":1,"minecraft:redstone_torch":1,"regions_unexplored:larch_log":730,"minecraft:cobblestone_slab":7,"minecraft:calcite":4,"minecraft:iron_nugget":3,"minecraft:sugar_cane":27,"minecraft:chest":6,"minecraft:birch_sapling":3,"minecraft:egg":5,"minecraft:stick":90,"minecraft:raw_iron":14,"minecraft:torch":45,"minecraft:dried_kelp":23,"quark:birch_chest":1,"minecraft:diorite":25,"regions_unexplored:raw_redstone_block":1,"minecraft:redstone":19,"hexerei:witch_hazel_fence":3,"butchersdelightfoods:cooked_leg_cow":2,"minecraft:black_dye":2,"regions_unexplored:larch_button":24,"hexerei:sage_seed":3,"hexerei:candelabra":1,"minecraft:stone_sword":1,"regions_unexplored:redstone_bulb":1,"minecraft:arrow":26,"minecraft:rotten_flesh":3,"minecraft:stone_shovel":3,"regions_unexplored:felicia_daisy":1,"hexerei:herb_drying_rack":4,"minecraft:obsidian":1,"minecraft:cobblestone":1251,"minecraft:rail":2,"regions_unexplored:golden_larch_sapling":166,"minecraft:birch_log":7,"born_in_chaos_v1:corpse_maggot":1,"regions_unexplored:peat_dirt":396,"minecraft:mud_bricks":1,"minecraft:feather":13,"minecraft:cooked_beef":1,"minecraft:andesite":39,"minecraft:black_bed":3,"minecraft:leather":23,"minecraft:potato":65,"minecraft:filled_map":4,"map_atlases:atlas":1,"minecraft:tuff":2,"minecraft:oak_log":3,"supplementaries:flute":2,"minecraft:cobblestone_wall":1,"minecraft:gunpowder":27,"tarotcards:wheel_of_fortune":1,"minecraft:paper":1,"minecraft:dirt":24,"minecraft:bone":41,"minecraft:stone_bricks":1,"boh:kindness_flower":14,"minecraft:kelp":44,"minecraft:wheat_seeds":34,"undead_unleashed:grave_metal_boots":1,"minecraft:cooked_chicken":1,"minecraft:grindstone":2,"minecraft:stone_pickaxe":1,"minecraft:cobweb":11,"spore:mutated_fiber":11,"quark:pickarang":4,"regions_unexplored:larch_sapling":56,"regions_unexplored:larch_shrub":4,"minecraft:mossy_stone_bricks":1,"minecraft:glowstone_dust":1,"minecraft:stone_hoe":1,"hexerei:animal_fat":3,"minecraft:smooth_basalt":4,"minecraft:pumpkin":20,"minecraft:gravel":8,"minecraft:quartz":78,"regions_unexplored:larch_door":9,"hexerei:sage":3,"regions_unexplored:larch_slab":2,"undead_unleashed:grave_metal_scrap":18,"minecraft:spruce_sapling":1,"minecraft:spider_eye":5,"regions_unexplored:cattail":10,"quark:cobblestone_bricks":192,"quark:paper_wall":30,"immersiveengineering:seed":6,"minecraft:stone_axe":1,"minecraft:granite":41,"undead_unleashed:grave_metal_axe":1,"minecraft:oak_sapling":4,"minecraft:jack_o_lantern":3,"minecraft:baked_potato":9,"minecraft:coal":119,"immersiveengineering:raw_silver":1,"minecraft:diamond_pickaxe":2},"minecraft:killed":{"graveyard:skeleton_creeper":1,"minecraft:spider":2,"born_in_chaos_v1:maggot":1,"minecraft:skeleton":9,"minecraft:creeper":7,"undead_unleashed:frenzied_knight":1,"minecraft:zombie":5,"undead_unleashed:haunter":1,"boh:jeff_the_killer":1},"minecraft:broken":{"minecraft:stone_pickaxe":6,"minecraft:stone_axe":1,"minecraft:iron_pickaxe":1,"minecraft:stone_shovel":1},"minecraft:mined":{"minecraft:tuff":4,"regions_unexplored:golden_larch_leaves":27,"minecraft:spruce_planks":2,"minecraft:jack_o_lantern":2,"regions_unexplored:larch_planks":1,"minecraft:glow_lichen":1,"regions_unexplored:cattail":3,"minecraft:granite":20,"hexerei:candelabra":1,"born_in_chaos_v1:black_argillite":1,"hexerei:witch_hazel_fence":4,"minecraft:mud_bricks":1,"minecraft:large_fern":6,"regions_unexplored:larch_door":3,"immersiveengineering:hemp":1,"minecraft:iron_ore":14,"regions_unexplored:larch_slab":2,"minecraft:andesite":37,"minecraft:pumpkin":14,"minecraft:moss_carpet":1,"treechop:chopped_log":23,"minecraft:potatoes":18,"minecraft:vine":1,"minecraft:rail":2,"minecraft:potted_spruce_sapling":1,"regions_unexplored:medium_grass":15,"regions_unexplored:larch_log":67,"minecraft:stone":789,"minecraft:orange_glazed_terracotta":1,"regions_unexplored:redstone_bulb":1,"regions_unexplored:felicia_daisy":1,"hexerei:herb_drying_rack":5,"boh:kindness_flower":9,"minecraft:crafting_table":2,"minecraft:torch":10,"regions_unexplored:peat_grass_block":156,"minecraft:calcite":3,"minecraft:chest":5,"minecraft:tall_grass":1,"minecraft:copper_ore":8,"minecraft:cobblestone":52,"minecraft:grindstone":1,"minecraft:sugar_cane":18,"minecraft:diorite":22,"minecraft:wall_torch":10,"regions_unexplored:redstone_bud":7,"minecraft:birch_log":1,"minecraft:wheat":13,"minecraft:grass":26,"quark:birch_chest":1,"minecraft:oak_log":4,"minecraft:coal_ore":106,"regions_unexplored:peat_dirt":225,"quark:spruce_chest":2,"minecraft:gravel":4,"minecraft:dirt":7,"minecraft:cobweb":9,"minecraft:smooth_basalt":4,"hexerei:sage_crop":1,"minecraft:mossy_stone_bricks":1,"minecraft:oak_leaves":50,"minecraft:deepslate":4,"regions_unexplored:larch_shrub":2},"minecraft:dropped":{"quark:pickarang":3,"minecraft:bread":2,"minecraft:black_dye":2,"minecraft:baked_potato":3,"butchersdelightfoods:cooked_leg_cow":1,"minecraft:map":1,"minecraft:filled_map":1,"regions_unexplored:peat_dirt":59,"minecraft:gunpowder":3,"minecraft:diamond_pickaxe":1,"minecraft:iron_chestplate":1,"minecraft:chest":1,"minecraft:quartz":47,"supplementaries:flute":1},"minecraft:custom":{"minecraft:interact_with_smithing_table":1,"minecraft:mob_kills":28,"minecraft:interact_with_crafting_table":84,"minecraft:interact_with_campfire":13,"minecraft:damage_dealt_resisted":10,"minecraft:leave_game":11,"minecraft:time_since_death":89695,"minecraft:climb_one_cm":8634,"minecraft:sprint_one_cm":358202,"minecraft:walk_one_cm":2340707,"minecraft:drop":19,"minecraft:talked_to_villager":1,"minecraft:play_time":499135,"minecraft:sneak_time":6578,"minecraft:deaths":12,"minecraft:walk_under_water_one_cm":1616,"minecraft:jump":3221,"minecraft:walk_on_water_one_cm":18603,"minecraft:total_world_time":499135,"minecraft:interact_with_furnace":6,"minecraft:interact_with_cartography_table":9,"minecraft:pot_flower":1,"minecraft:interact_with_stonecutter":8,"minecraft:time_since_rest":89744,"minecraft:damage_taken":5214,"minecraft:damage_dealt":5287,"minecraft:swim_one_cm":484,"minecraft:fly_one_cm":89081,"minecraft:open_chest":438,"minecraft:crouch_one_cm":13044,"minecraft:interact_with_smoker":5,"minecraft:fall_one_cm":25726}},"DataVersion":3120}