{"stats":{"minecraft:crafted":{"immersiveengineering:manual":1,"regions_unexplored:larch_planks":1223,"minecraft:stone":20,"supplementaries:bamboo_spikes":72,"minecraft:lever":2,"quark:polished_calcite_slab":44,"minecraft:quartz_block":58,"minecraft:bow":1,"minecraft:chest":11,"regions_unexplored:larch_stairs":4,"minecraft:map":2,"minecraft:crafting_table":1,"minecraft:spruce_planks":8,"hexerei:book_of_shadows":1,"travelersbackpack:standard":1,"minecraft:baked_potato":52,"minecraft:pumpkin_seeds":8,"minecraft:cartography_table":1,"minecraft:book":2,"minecraft:paper":12,"minecraft:stick":40,"minecraft:stone_sword":4,"travelersbackpack:white_sleeping_bag":1,"quark:cobblestone_bricks":362,"minecraft:stone_pickaxe":12,"minecraft:cobblestone_wall":45,"quark:calcite_slab":6,"quark:spruce_chest":1,"minecraft:calcite":3,"minecraft:dried_kelp":1,"travelersbackpack:backpack_tank":2,"quark:cobblestone_bricks_wall":64,"hexerei:herb_drying_rack":1,"minecraft:stone_axe":5,"minecraft:bread":25,"minecraft:air":0,"hexerei:witch_helmet":1,"minecraft:white_wool":3,"minecraft:wooden_axe":4,"regions_unexplored:larch_slab":168},"minecraft:killed_by":{"minecraft:zombified_piglin":2,"minecraft:creeper":5,"boh:jeff_the_killer":1,"undead_unleashed:frenzied_knight":2,"minecraft:vindicator":1,"minecraft:cave_spider":1,"minecraft:vex":4,"minecraft:player":1,"minecraft:spider":2,"spore:inf_wanderer":1,"minecraft:hoglin":1,"minecraft:skeleton":5,"cave_dweller:cave_dweller":1},"minecraft:used":{"minecraft:jack_o_lantern":5,"minecraft:iron_shovel":104,"immersiveengineering:seed":1,"minecraft:chest":16,"minecraft:stone":20,"minecraft:iron_sword":40,"undead_unleashed:grave_metal_axe":40,"minecraft:carrot":41,"butchersdelightfoods:cooked_goat_rack":1,"minecraft:stone_bricks":1,"minecraft:bow":1,"minecraft:scaffolding":188,"minecraft:potato":10,"minecraft:diorite":6,"minecraft:stone_pickaxe":1592,"minecraft:black_bed":2,"regions_unexplored:larch_slab":34,"minecraft:redstone_torch":1,"quark:cobblestone_bricks_wall":36,"minecraft:lever":1,"minecraft:bread":14,"regions_unexplored:larch_stairs":2,"butchersdelight:roaster":1,"minecraft:iron_door":4,"minecraft:gravel":9,"butchersdelightfoods:cooked_ham":11,"regions_unexplored:larch_door":5,"minecraft:andesite":4,"supplementaries:bamboo_spikes":91,"fantasyfurniture:venthyr/chair":1,"quark:birch_chest":1,"minecraft:stone_sword":263,"minecraft:stone_shovel":164,"minecraft:dried_kelp":35,"minecraft:cooked_chicken":1,"minecraft:netherrack":49,"minecraft:torch":136,"minecraft:dirt":19,"minecraft:cobblestone_wall":46,"minecraft:wooden_axe":260,"quark:spruce_chest":2,"minecraft:iron_axe":251,"regions_unexplored:larch_planks":1120,"minecraft:cooked_beef":1,"hexerei:herb_drying_rack":6,"minecraft:cobbled_deepslate":201,"minecraft:pumpkin":1,"minecraft:wheat_seeds":28,"minecraft:cobblestone_stairs":9,"regions_unexplored:stripped_larch_log":26,"quark:cobblestone_bricks":318,"minecraft:baked_potato":43,"regions_unexplored:peat_dirt":588,"minecraft:cartography_table":2,"regions_unexplored:larch_boat":1,"minecraft:stonecutter":2,"minecraft:crafting_table":3,"minecraft:red_bed":1,"quark:glass_item_frame":1,"minecraft:flower_pot":1,"minecraft:diamond_pickaxe":770,"minecraft:apple":3,"hexerei:witch_hazel_broom":3,"quark:pickarang":277,"minecraft:iron_pickaxe":464,"minecraft:map":1,"regions_unexplored:larch_log":488,"minecraft:stone_axe":441,"travelersbackpack:standard":9,"minecraft:cobblestone":3271,"butchersdelight:rack":1},"minecraft:picked_up":{"regions_unexplored:pointed_redstone":1,"supplementaries:regions_unexplored/sign_post_magnolia":1,"minecraft:iron_chestplate":6,"minecraft:wheat":34,"regions_unexplored:larch_planks":325,"minecraft:flower_pot":2,"regions_unexplored:mauve_door":1,"regions_unexplored:glistering_sprout":5,"butchersdelightfoods:cooked_ham":62,"born_in_chaos_v1:black_argillite":1,"minecraft:string":23,"minecraft:raw_copper":44,"minecraft:soul_soil":47,"minecraft:cooked_salmon":1,"minecraft:iron_leggings":3,"minecraft:orange_glazed_terracotta":1,"immersiveengineering:raw_lead":1,"minecraft:gold_nugget":107,"minecraft:cobbled_deepslate":273,"minecraft:spruce_planks":16,"undead_unleashed:grave_metal_sword":1,"regions_unexplored:larch_log":838,"minecraft:redstone_torch":3,"minecraft:cobblestone_slab":11,"minecraft:calcite":4,"minecraft:iron_pickaxe":1,"minecraft:iron_boots":4,"minecraft:stick":100,"regions_unexplored:yellow_bioshroom_block":6,"minecraft:torch":91,"minecraft:dried_kelp":23,"regions_unexplored:raw_redstone_block":1,"minecraft:diorite":31,"regions_unexplored:peat_mud":21,"fantasyfurniture:furniture_station":1,"regions_unexplored:larch_button":24,"minecraft:black_dye":8,"hexerei:candelabra":1,"minecraft:stone_sword":2,"minecraft:rotten_flesh":6,"quark:violet_corundum_cluster":34,"hexerei:herb_drying_rack":5,"supplementaries:ash":191,"minecraft:obsidian":11,"minecraft:cobblestone":3503,"regions_unexplored:golden_larch_sapling":185,"minecraft:birch_log":7,"minecraft:magma_block":14,"minecraft:cooked_beef":1,"minecraft:feather":13,"minecraft:iron_door":6,"minecraft:andesite":40,"minecraft:black_bed":3,"endlessbiomes:penumbra_door":1,"minecraft:potato":101,"map_atlases:atlas":3,"minecraft:flint":1,"minecraft:tuff":3,"supplementaries:flute":2,"regions_unexplored:redwood_door":2,"tarotcards:wheel_of_fortune":1,"minecraft:lapis_lazuli":30,"minecraft:dirt":29,"minecraft:glass":16,"minecraft:bone":54,"minecraft:stonecutter":2,"minecraft:wheat_seeds":102,"minecraft:deepslate_brick_slab":1,"minecraft:grindstone":2,"regions_unexplored:larch_shrub":5,"minecraft:mossy_stone_bricks":2,"minecraft:glowstone_dust":1,"minecraft:bamboo":324,"minecraft:stone_hoe":1,"minecraft:oak_planks":27,"hexerei:animal_fat":3,"regions_unexplored:larch_door":9,"hexerei:sage":3,"regions_unexplored:larch_slab":338,"minecraft:ink_sac":2,"quark:red_corundum":2,"regions_unexplored:cattail":10,"supplementaries:bamboo_spikes":18,"minecraft:diamond":1,"minecraft:granite":41,"minecraft:golden_apple":4,"minecraft:bread":3,"minecraft:jack_o_lantern":5,"minecraft:oak_sapling":4,"minecraft:netherrack":130,"minecraft:diamond_pickaxe":4,"minecraft:crafting_table":2,"regions_unexplored:mycotoxic_grass":6,"minecraft:clay_ball":19,"regions_unexplored:mycotoxic_daisy":2,"minecraft:shield":3,"minecraft:moss_carpet":1,"minecraft:red_bed":1,"minecraft:iron_axe":2,"hexerei:witch_hazel_broom":4,"minecraft:iron_shovel":3,"butchersdelightfoods:cookedporkribs":2,"quark:spruce_chest":2,"minecraft:cartography_table":1,"minecraft:iron_nugget":3,"minecraft:minecart":1,"regions_unexplored:glister_spire":2,"minecraft:sugar_cane":34,"minecraft:chest":6,"minecraft:birch_sapling":3,"minecraft:egg":6,"minecraft:raw_iron":27,"quark:violet_corundum":15,"minecraft:stone_button":1,"quark:birch_chest":1,"minecraft:carrot":26,"minecraft:redstone":19,"hexerei:witch_hazel_fence":3,"butchersdelightfoods:cooked_leg_cow":2,"hexerei:sage_seed":6,"minecraft:stone_shovel":3,"minecraft:arrow":31,"regions_unexplored:redstone_bulb":1,"regions_unexplored:felicia_daisy":1,"butchersdelight:roaster":1,"minecraft:rail":2,"minecraft:bone_block":2,"born_in_chaos_v1:corpse_maggot":1,"regions_unexplored:peat_dirt":706,"minecraft:mud_bricks":1,"minecraft:leather":24,"minecraft:filled_map":4,"minecraft:oak_log":6,"minecraft:cobblestone_stairs":5,"minecraft:gunpowder":34,"minecraft:cobblestone_wall":1,"butchersdelight:rack":1,"minecraft:paper":1,"regions_unexplored:stripped_larch_log":33,"minecraft:stone_bricks":10,"boh:kindness_flower":14,"minecraft:kelp":44,"minecraft:stone_pickaxe":3,"minecraft:cooked_chicken":1,"minecraft:cobweb":11,"spore:mutated_fiber":12,"undead_unleashed:grave_metal_boots":1,"regions_unexplored:larch_sapling":56,"quark:pickarang":6,"minecraft:soul_sand":1,"minecraft:iron_sword":2,"minecraft:scaffolding":298,"minecraft:smooth_basalt":4,"regions_unexplored:larch_sign":2,"quark:red_corundum_cluster":2,"minecraft:pumpkin":20,"born_in_chaos_v1:scorched_planks_door":1,"quark:glass_item_frame":7,"minecraft:quartz":458,"minecraft:gravel":17,"undead_unleashed:grave_metal_scrap":21,"minecraft:spruce_sapling":6,"fantasyfurniture:venthyr/chair":2,"immersiveengineering:revolver":1,"minecraft:spruce_door":1,"minecraft:spider_eye":6,"quark:cobblestone_bricks":211,"travelersbackpack:standard":2,"immersiveengineering:seed":13,"quark:paper_wall":30,"minecraft:stone_axe":1,"minecraft:iron_helmet":2,"undead_unleashed:grave_metal_axe":1,"minecraft:baked_potato":9,"regions_unexplored:larch_boat":1,"minecraft:coal":119,"immersiveengineering:raw_silver":4,"minecraft:wooden_axe":1},"minecraft:killed":{"minecraft:cave_spider":3,"graveyard:skeleton_creeper":1,"minecraft:spider":4,"minecraft:skeleton":12,"minecraft:creeper":9,"undead_unleashed:frenzied_knight":1,"spore:inf_human":1,"minecraft:zombie":5,"undead_unleashed:haunter":1,"born_in_chaos_v1:maggot":1,"boh:jeff_the_killer":1},"minecraft:broken":{"minecraft:iron_chestplate":1,"undead_unleashed:grave_metal_axe":1,"minecraft:stone_pickaxe":10,"minecraft:stone_axe":1,"minecraft:wooden_axe":4,"minecraft:stone_shovel":2,"minecraft:iron_axe":1,"minecraft:iron_pickaxe":1},"minecraft:mined":{"regions_unexplored:yellow_bioshroom_block":3,"regions_unexplored:golden_larch_leaves":72,"minecraft:spruce_planks":3,"regions_unexplored:stripped_larch_log":33,"minecraft:cobblestone_stairs":5,"minecraft:obsidian":11,"regions_unexplored:larch_planks":191,"regions_unexplored:cattail":7,"minecraft:granite":20,"hexerei:candelabra":1,"regions_unexplored:mauve_door":1,"minecraft:soul_soil":38,"hexerei:witch_hazel_fence":4,"minecraft:mud_bricks":1,"minecraft:magma_block":30,"supplementaries:ash":45,"minecraft:iron_ore":24,"minecraft:cobbled_deepslate":40,"regions_unexplored:glister_spire":1,"minecraft:pumpkin":14,"minecraft:moss_carpet":1,"regions_unexplored:larch_log":104,"endlessbiomes:penumbra_door":1,"quark:red_corundum_cluster":2,"quark:violet_corundum":19,"hexerei:herb_drying_rack":6,"minecraft:red_bed":1,"minecraft:torch":23,"quark:cobblestone_bricks":20,"regions_unexplored:mycotoxic_daisy":1,"regions_unexplored:glowing_yellow_bioshroom_block":1,"regions_unexplored:peat_grass_block":260,"minecraft:calcite":3,"minecraft:chest":5,"minecraft:nether_quartz_ore":94,"minecraft:cobblestone":825,"minecraft:grindstone":1,"minecraft:sugar_cane":23,"minecraft:iron_door":3,"minecraft:wall_torch":31,"minecraft:birch_log":2,"minecraft:wheat":20,"minecraft:grass":51,"quark:birch_chest":1,"minecraft:oak_log":5,"regions_unexplored:peat_dirt":312,"minecraft:dirt":13,"born_in_chaos_v1:scorched_planks_door":1,"minecraft:smooth_basalt":4,"minecraft:stonecutter":1,"minecraft:netherrack":66,"minecraft:oak_leaves":56,"regions_unexplored:mycotoxic_grass":2,"minecraft:deepslate":44,"regions_unexplored:glistering_sprout":5,"minecraft:nether_gold_ore":19,"quark:red_corundum":2,"minecraft:tuff":5,"butchersdelight:rack":1,"minecraft:jack_o_lantern":4,"minecraft:glow_lichen":1,"minecraft:lever":1,"born_in_chaos_v1:black_argillite":1,"minecraft:spruce_leaves":2,"minecraft:cartography_table":1,"immersiveengineering:ore_silver":3,"minecraft:large_fern":23,"minecraft:deepslate_brick_slab":1,"regions_unexplored:larch_door":3,"butchersdelight:roaster":1,"immersiveengineering:hemp":1,"supplementaries:bamboo_spikes":19,"regions_unexplored:larch_slab":5,"minecraft:andesite":38,"treechop:chopped_log":39,"minecraft:potatoes":18,"minecraft:deepslate_iron_ore":3,"minecraft:cobblestone_slab":4,"minecraft:vine":1,"minecraft:rail":2,"minecraft:potted_spruce_sapling":1,"regions_unexplored:redwood_door":2,"regions_unexplored:medium_grass":32,"minecraft:bamboo":3,"minecraft:stone":1088,"minecraft:bone_block":1,"regions_unexplored:redstone_bulb":1,"minecraft:orange_glazed_terracotta":1,"regions_unexplored:felicia_daisy":1,"minecraft:scaffolding":37,"regions_unexplored:mycotoxic_moss":1,"boh:kindness_flower":9,"minecraft:crafting_table":2,"regions_unexplored:peat_mud":40,"minecraft:tall_grass":1,"minecraft:copper_ore":10,"minecraft:lapis_ore":4,"minecraft:diorite":28,"regions_unexplored:redstone_bud":7,"minecraft:coal_ore":106,"quark:spruce_chest":2,"minecraft:gravel":14,"minecraft:cobweb":15,"minecraft:cracked_stone_bricks":1,"hexerei:sage_crop":1,"minecraft:stone_bricks":10,"minecraft:mossy_stone_bricks":3,"quark:violet_corundum_cluster":6,"regions_unexplored:larch_shrub":3},"minecraft:dropped":{"quark:pickarang":3,"minecraft:soul_sand":1,"butchersdelightfoods:cooked_ham":37,"minecraft:baked_potato":3,"map_atlases:atlas":1,"travelersbackpack:standard":1,"hexerei:witch_hazel_broom":1,"butchersdelightfoods:cooked_leg_cow":1,"regions_unexplored:golden_larch_sapling":8,"fantasyfurniture:venthyr/chair":1,"regions_unexplored:peat_dirt":73,"minecraft:gunpowder":3,"minecraft:chest":1,"immersiveengineering:revolver":1,"minecraft:scaffolding":38,"minecraft:quartz":47,"minecraft:bread":2,"minecraft:black_dye":2,"supplementaries:bamboo_spikes":7,"minecraft:cobblestone":516,"minecraft:iron_door":1,"minecraft:map":1,"minecraft:string":14,"minecraft:spruce_sapling":4,"minecraft:iron_boots":1,"spore:mutated_fiber":1,"minecraft:filled_map":1,"minecraft:shield":1,"minecraft:iron_chestplate":1,"minecraft:diamond_pickaxe":2,"minecraft:redstone_torch":1,"minecraft:bamboo":58,"minecraft:stone_pickaxe":1,"supplementaries:flute":1},"minecraft:custom":{"minecraft:interact_with_crafting_table":140,"minecraft:leave_game":16,"minecraft:time_since_death":144743,"minecraft:sprint_one_cm":878922,"minecraft:drop":54,"minecraft:talked_to_villager":3,"minecraft:play_time":1296243,"minecraft:deaths":30,"minecraft:jump":7257,"minecraft:walk_on_water_one_cm":75672,"minecraft:interact_with_furnace":10,"minecraft:interact_with_cartography_table":9,"minecraft:damage_dealt":7571,"minecraft:crouch_one_cm":99240,"minecraft:interact_with_smoker":10,"minecraft:interact_with_smithing_table":3,"minecraft:mob_kills":39,"minecraft:interact_with_campfire":13,"minecraft:damage_dealt_resisted":10,"minecraft:climb_one_cm":100167,"minecraft:walk_one_cm":5264454,"minecraft:sneak_time":44063,"minecraft:walk_under_water_one_cm":45433,"minecraft:interact_with_blast_furnace":1,"minecraft:total_world_time":1296243,"minecraft:pot_flower":1,"minecraft:interact_with_stonecutter":26,"minecraft:time_since_rest":144836,"minecraft:damage_taken":13103,"minecraft:swim_one_cm":484,"minecraft:fly_one_cm":192935,"minecraft:open_chest":753,"minecraft:fall_one_cm":78280}},"DataVersion":3120}