{"stats":{"minecraft:crafted":{"minecraft:map":2,"regions_unexplored:larch_planks":28,"minecraft:pumpkin_seeds":8,"minecraft:paper":3,"minecraft:stick":36,"minecraft:stone_pickaxe":2,"minecraft:chest":3,"minecraft:stone_sword":2},"minecraft:killed_by":{"minecraft:skeleton":1,"boh:jeff_the_killer":1,"cave_dweller:cave_dweller":1},"minecraft:used":{"minecraft:jack_o_lantern":2,"minecraft:stone_sword":34,"minecraft:stone_pickaxe":211,"minecraft:dried_kelp":10,"minecraft:chest":3,"minecraft:torch":7,"minecraft:dirt":16,"minecraft:black_bed":2,"minecraft:wooden_axe":23,"minecraft:flower_pot":1,"minecraft:bread":1,"minecraft:map":1,"regions_unexplored:larch_door":1,"minecraft:cobblestone":43,"regions_unexplored:larch_planks":1,"minecraft:cooked_beef":1,"minecraft:pumpkin":1},"minecraft:picked_up":{"regions_unexplored:pointed_redstone":1,"regions_unexplored:peat_dirt":27,"minecraft:crafting_table":1,"minecraft:cooked_beef":1,"regions_unexplored:larch_planks":2,"minecraft:flower_pot":1,"minecraft:andesite":19,"minecraft:black_bed":3,"minecraft:filled_map":3,"minecraft:dirt":24,"minecraft:string":9,"minecraft:paper":1,"minecraft:moss_carpet":1,"minecraft:raw_copper":22,"minecraft:orange_glazed_terracotta":1,"minecraft:bone":3,"minecraft:stone_bricks":1,"boh:kindness_flower":2,"minecraft:kelp":21,"immersiveengineering:raw_lead":1,"minecraft:spruce_planks":3,"minecraft:cobweb":6,"minecraft:grindstone":1,"minecraft:stone_pickaxe":1,"regions_unexplored:larch_log":37,"regions_unexplored:larch_sapling":2,"minecraft:iron_nugget":3,"minecraft:mossy_stone_bricks":1,"minecraft:sugar_cane":3,"minecraft:birch_sapling":1,"minecraft:egg":1,"hexerei:animal_fat":1,"minecraft:stick":6,"minecraft:raw_iron":2,"minecraft:pumpkin":16,"minecraft:torch":10,"regions_unexplored:larch_door":6,"minecraft:dried_kelp":10,"minecraft:spruce_sapling":1,"minecraft:diorite":2,"regions_unexplored:raw_redstone_block":1,"minecraft:redstone":8,"hexerei:witch_hazel_fence":1,"regions_unexplored:cattail":9,"hexerei:candelabra":1,"minecraft:stone_shovel":1,"regions_unexplored:redstone_bulb":1,"immersiveengineering:seed":2,"minecraft:granite":25,"minecraft:jack_o_lantern":2,"minecraft:coal":7,"minecraft:cobblestone":132,"minecraft:rail":2,"regions_unexplored:golden_larch_sapling":17},"minecraft:killed":{"minecraft:creeper":1,"boh:jeff_the_killer":1},"minecraft:mined":{"regions_unexplored:golden_larch_leaves":2,"minecraft:spruce_planks":2,"minecraft:jack_o_lantern":2,"regions_unexplored:cattail":3,"minecraft:crafting_table":1,"boh:kindness_flower":3,"regions_unexplored:larch_planks":1,"minecraft:torch":4,"minecraft:glow_lichen":1,"minecraft:granite":6,"hexerei:candelabra":1,"regions_unexplored:peat_grass_block":11,"minecraft:copper_ore":3,"minecraft:cobblestone":21,"hexerei:witch_hazel_fence":1,"minecraft:grindstone":1,"minecraft:sugar_cane":3,"minecraft:wall_torch":3,"regions_unexplored:larch_door":1,"regions_unexplored:redstone_bud":7,"minecraft:iron_ore":2,"treechop:chopped_log":6,"minecraft:andesite":18,"minecraft:moss_carpet":1,"minecraft:pumpkin":10,"minecraft:grass":1,"minecraft:coal_ore":6,"minecraft:vine":1,"minecraft:rail":2,"regions_unexplored:peat_dirt":12,"minecraft:potted_spruce_sapling":1,"minecraft:dirt":7,"minecraft:cobweb":9,"regions_unexplored:medium_grass":1,"regions_unexplored:larch_log":1,"minecraft:stone":69,"minecraft:mossy_stone_bricks":1,"regions_unexplored:redstone_bulb":1,"minecraft:orange_glazed_terracotta":1},"minecraft:dropped":{"minecraft:bread":2,"minecraft:map":1},"minecraft:custom":{"minecraft:interact_with_furnace":3,"minecraft:mob_kills":2,"minecraft:interact_with_crafting_table":27,"minecraft:pot_flower":1,"minecraft:leave_game":4,"minecraft:time_since_death":12044,"minecraft:climb_one_cm":3811,"minecraft:time_since_rest":12357,"minecraft:sprint_one_cm":128684,"minecraft:damage_taken":1129,"minecraft:walk_one_cm":809929,"minecraft:drop":3,"minecraft:damage_dealt":381,"minecraft:swim_one_cm":484,"minecraft:talked_to_villager":1,"minecraft:fly_one_cm":26433,"minecraft:open_chest":47,"minecraft:crouch_one_cm":82,"minecraft:play_time":116847,"minecraft:deaths":4,"minecraft:sneak_time":651,"minecraft:walk_under_water_one_cm":1400,"minecraft:jump":862,"minecraft:walk_on_water_one_cm":10088,"minecraft:total_world_time":116847,"minecraft:fall_one_cm":5819}},"DataVersion":3120}