{"stats":{"minecraft:crafted":{"immersiveengineering:manual":1,"regions_unexplored:larch_planks":68,"minecraft:lever":1,"minecraft:stone_pickaxe":4,"minecraft:cobblestone_wall":32,"minecraft:chest":9,"quark:spruce_chest":1,"minecraft:map":2,"minecraft:spruce_planks":8,"minecraft:dried_kelp":1,"quark:cobblestone_bricks_wall":64,"hexerei:herb_drying_rack":1,"minecraft:pumpkin_seeds":8,"minecraft:stone_axe":1,"minecraft:bread":1,"minecraft:cartography_table":1,"minecraft:book":1,"minecraft:paper":9,"minecraft:stick":36,"minecraft:stone_sword":3,"regions_unexplored:larch_slab":6},"minecraft:killed_by":{"boh:jeff_the_killer":1,"minecraft:skeleton":3,"cave_dweller:cave_dweller":1},"minecraft:used":{"minecraft:jack_o_lantern":3,"minecraft:stone_sword":183,"minecraft:dried_kelp":35,"minecraft:chest":10,"minecraft:cooked_chicken":1,"minecraft:torch":23,"minecraft:dirt":16,"minecraft:cobblestone_wall":26,"minecraft:carrot":2,"minecraft:wooden_axe":23,"quark:spruce_chest":2,"regions_unexplored:larch_planks":1,"hexerei:herb_drying_rack":3,"minecraft:cooked_beef":1,"minecraft:pumpkin":1,"minecraft:wheat_seeds":4,"minecraft:diorite":6,"minecraft:stone_pickaxe":406,"minecraft:baked_potato":8,"minecraft:cartography_table":1,"regions_unexplored:peat_dirt":2,"minecraft:black_bed":2,"quark:cobblestone_bricks_wall":36,"minecraft:flower_pot":1,"minecraft:apple":3,"minecraft:bread":1,"minecraft:map":1,"minecraft:stone_axe":52,"regions_unexplored:larch_door":5,"minecraft:cobblestone":250,"minecraft:andesite":3},"minecraft:picked_up":{"regions_unexplored:pointed_redstone":1,"minecraft:iron_chestplate":2,"minecraft:crafting_table":1,"minecraft:wheat":2,"regions_unexplored:larch_planks":2,"minecraft:flower_pot":1,"born_in_chaos_v1:black_argillite":1,"minecraft:moss_carpet":1,"minecraft:string":9,"minecraft:raw_copper":22,"minecraft:orange_glazed_terracotta":1,"immersiveengineering:raw_lead":1,"quark:spruce_chest":1,"minecraft:cobbled_deepslate":12,"minecraft:spruce_planks":3,"undead_unleashed:grave_metal_sword":1,"regions_unexplored:larch_log":122,"minecraft:cobblestone_slab":7,"minecraft:calcite":4,"minecraft:iron_nugget":3,"minecraft:sugar_cane":19,"minecraft:chest":1,"minecraft:birch_sapling":1,"minecraft:egg":3,"minecraft:stick":22,"minecraft:raw_iron":10,"minecraft:torch":23,"minecraft:dried_kelp":23,"minecraft:diorite":25,"regions_unexplored:raw_redstone_block":1,"minecraft:redstone":8,"hexerei:witch_hazel_fence":1,"hexerei:candelabra":1,"minecraft:arrow":2,"minecraft:stone_sword":1,"regions_unexplored:redstone_bulb":1,"minecraft:stone_shovel":1,"regions_unexplored:felicia_daisy":1,"hexerei:herb_drying_rack":2,"regions_unexplored:golden_larch_sapling":31,"minecraft:rail":2,"minecraft:cobblestone":227,"regions_unexplored:peat_dirt":29,"minecraft:feather":1,"minecraft:cooked_beef":1,"minecraft:andesite":39,"minecraft:black_bed":3,"minecraft:leather":20,"minecraft:filled_map":4,"minecraft:tuff":2,"minecraft:cobblestone_wall":1,"minecraft:gunpowder":7,"minecraft:paper":1,"minecraft:dirt":24,"minecraft:bone":5,"minecraft:kelp":44,"minecraft:stone_bricks":1,"boh:kindness_flower":14,"minecraft:wheat_seeds":8,"minecraft:cooked_chicken":1,"minecraft:stone_pickaxe":1,"minecraft:grindstone":2,"minecraft:cobweb":6,"regions_unexplored:larch_sapling":2,"minecraft:mossy_stone_bricks":1,"hexerei:animal_fat":1,"minecraft:smooth_basalt":4,"minecraft:pumpkin":16,"regions_unexplored:larch_door":9,"undead_unleashed:grave_metal_scrap":2,"minecraft:spruce_sapling":1,"quark:cobblestone_bricks":128,"regions_unexplored:cattail":9,"immersiveengineering:seed":4,"minecraft:granite":41,"minecraft:jack_o_lantern":3,"minecraft:baked_potato":9,"minecraft:coal":52,"immersiveengineering:raw_silver":1},"minecraft:killed":{"graveyard:skeleton_creeper":1,"minecraft:spider":1,"born_in_chaos_v1:maggot":1,"minecraft:skeleton":7,"minecraft:creeper":4,"minecraft:zombie":2,"boh:jeff_the_killer":1},"minecraft:broken":{"minecraft:stone_pickaxe":1},"minecraft:mined":{"minecraft:tuff":4,"regions_unexplored:golden_larch_leaves":2,"minecraft:spruce_planks":2,"minecraft:jack_o_lantern":2,"regions_unexplored:larch_planks":1,"minecraft:glow_lichen":1,"regions_unexplored:cattail":3,"minecraft:granite":20,"hexerei:candelabra":1,"born_in_chaos_v1:black_argillite":1,"hexerei:witch_hazel_fence":1,"minecraft:large_fern":2,"regions_unexplored:larch_door":3,"minecraft:iron_ore":10,"minecraft:andesite":37,"minecraft:moss_carpet":1,"minecraft:pumpkin":10,"treechop:chopped_log":7,"minecraft:vine":1,"minecraft:rail":2,"minecraft:potted_spruce_sapling":1,"regions_unexplored:medium_grass":1,"regions_unexplored:larch_log":8,"minecraft:stone":121,"regions_unexplored:felicia_daisy":1,"regions_unexplored:redstone_bulb":1,"minecraft:orange_glazed_terracotta":1,"hexerei:herb_drying_rack":3,"boh:kindness_flower":9,"minecraft:crafting_table":1,"minecraft:torch":5,"regions_unexplored:peat_grass_block":11,"minecraft:calcite":3,"minecraft:chest":1,"minecraft:tall_grass":1,"minecraft:copper_ore":3,"minecraft:cobblestone":31,"minecraft:grindstone":1,"minecraft:sugar_cane":13,"minecraft:diorite":22,"minecraft:wall_torch":8,"regions_unexplored:redstone_bud":7,"minecraft:birch_log":1,"minecraft:wheat":4,"minecraft:grass":3,"minecraft:coal_ore":52,"regions_unexplored:peat_dirt":12,"quark:spruce_chest":1,"minecraft:dirt":7,"minecraft:cobweb":9,"minecraft:smooth_basalt":4,"minecraft:mossy_stone_bricks":1,"minecraft:deepslate":4},"minecraft:dropped":{"minecraft:bread":2,"minecraft:map":1,"minecraft:filled_map":1,"minecraft:gunpowder":3,"minecraft:iron_chestplate":1},"minecraft:custom":{"minecraft:interact_with_smithing_table":1,"minecraft:mob_kills":16,"minecraft:interact_with_crafting_table":56,"minecraft:interact_with_campfire":13,"minecraft:damage_dealt_resisted":10,"minecraft:leave_game":9,"minecraft:time_since_death":34529,"minecraft:climb_one_cm":3811,"minecraft:sprint_one_cm":261095,"minecraft:walk_one_cm":1529883,"minecraft:drop":6,"minecraft:talked_to_villager":1,"minecraft:play_time":313641,"minecraft:deaths":6,"minecraft:sneak_time":2054,"minecraft:walk_under_water_one_cm":1440,"minecraft:jump":2165,"minecraft:walk_on_water_one_cm":14363,"minecraft:total_world_time":313641,"minecraft:interact_with_furnace":6,"minecraft:interact_with_cartography_table":7,"minecraft:pot_flower":1,"minecraft:interact_with_stonecutter":8,"minecraft:time_since_rest":34546,"minecraft:damage_taken":2531,"minecraft:damage_dealt":3418,"minecraft:swim_one_cm":484,"minecraft:fly_one_cm":66403,"minecraft:open_chest":239,"minecraft:crouch_one_cm":4775,"minecraft:interact_with_smoker":2,"minecraft:fall_one_cm":14356}},"DataVersion":3120}