{"stats":{"minecraft:used":{"minecraft:jack_o_lantern":3,"minecraft:stone_sword":110,"minecraft:dried_kelp":10,"minecraft:chest":10,"minecraft:cooked_chicken":1,"minecraft:torch":9,"minecraft:dirt":16,"minecraft:carrot":2,"minecraft:wooden_axe":23,"quark:spruce_chest":2,"regions_unexplored:larch_planks":1,"minecraft:cooked_beef":1,"hexerei:herb_drying_rack":2,"minecraft:pumpkin":1,"minecraft:diorite":6,"minecraft:stone_pickaxe":270,"minecraft:baked_potato":1,"minecraft:cartography_table":1,"regions_unexplored:peat_dirt":2,"minecraft:black_bed":2,"minecraft:flower_pot":1,"minecraft:apple":1,"minecraft:bread":1,"minecraft:map":1,"minecraft:stone_axe":52,"regions_unexplored:larch_door":5,"minecraft:cobblestone":55},"minecraft:mined":{"regions_unexplored:golden_larch_leaves":2,"minecraft:spruce_planks":2,"minecraft:jack_o_lantern":2,"regions_unexplored:larch_planks":1,"minecraft:glow_lichen":1,"regions_unexplored:cattail":3,"minecraft:granite":6,"hexerei:candelabra":1,"hexerei:witch_hazel_fence":1,"minecraft:large_fern":2,"regions_unexplored:larch_door":3,"minecraft:iron_ore":2,"minecraft:andesite":30,"minecraft:moss_carpet":1,"minecraft:pumpkin":10,"treechop:chopped_log":7,"minecraft:vine":1,"minecraft:rail":2,"minecraft:potted_spruce_sapling":1,"regions_unexplored:medium_grass":1,"regions_unexplored:larch_log":8,"minecraft:stone":97,"regions_unexplored:felicia_daisy":1,"regions_unexplored:redstone_bulb":1,"minecraft:orange_glazed_terracotta":1,"hexerei:herb_drying_rack":2,"boh:kindness_flower":9,"minecraft:crafting_table":1,"minecraft:torch":5,"regions_unexplored:peat_grass_block":11,"minecraft:chest":1,"minecraft:tall_grass":1,"minecraft:copper_ore":3,"minecraft:cobblestone":28,"minecraft:grindstone":1,"minecraft:sugar_cane":8,"minecraft:diorite":8,"minecraft:wall_torch":5,"regions_unexplored:redstone_bud":7,"minecraft:birch_log":1,"minecraft:grass":3,"minecraft:coal_ore":6,"regions_unexplored:peat_dirt":12,"quark:spruce_chest":1,"minecraft:dirt":7,"minecraft:cobweb":9,"minecraft:mossy_stone_bricks":1},"minecraft:custom":{"minecraft:mob_kills":4,"minecraft:interact_with_crafting_table":52,"minecraft:leave_game":8,"minecraft:time_since_death":136476,"minecraft:climb_one_cm":3811,"minecraft:sprint_one_cm":157847,"minecraft:walk_one_cm":1187873,"minecraft:drop":6,"minecraft:talked_to_villager":1,"minecraft:play_time":241279,"minecraft:deaths":4,"minecraft:sneak_time":1054,"minecraft:walk_under_water_one_cm":1440,"minecraft:jump":1411,"minecraft:walk_on_water_one_cm":12705,"minecraft:total_world_time":241279,"minecraft:interact_with_furnace":3,"minecraft:interact_with_cartography_table":6,"minecraft:pot_flower":1,"minecraft:time_since_rest":136789,"minecraft:damage_taken":1339,"minecraft:damage_dealt":1127,"minecraft:swim_one_cm":484,"minecraft:fly_one_cm":38647,"minecraft:open_chest":158,"minecraft:crouch_one_cm":389,"minecraft:fall_one_cm":9020},"minecraft:dropped":{"minecraft:bread":2,"minecraft:map":1,"minecraft:filled_map":1,"minecraft:gunpowder":3,"minecraft:iron_chestplate":1},"minecraft:killed_by":{"boh:jeff_the_killer":1,"minecraft:skeleton":1,"cave_dweller:cave_dweller":1},"minecraft:picked_up":{"regions_unexplored:pointed_redstone":1,"minecraft:iron_chestplate":2,"minecraft:crafting_table":1,"regions_unexplored:larch_planks":2,"minecraft:flower_pot":1,"minecraft:moss_carpet":1,"minecraft:string":9,"minecraft:raw_copper":22,"minecraft:orange_glazed_terracotta":1,"immersiveengineering:raw_lead":1,"quark:spruce_chest":1,"minecraft:spruce_planks":3,"regions_unexplored:larch_log":122,"minecraft:cobblestone_slab":7,"minecraft:iron_nugget":3,"minecraft:sugar_cane":11,"minecraft:chest":1,"minecraft:birch_sapling":1,"minecraft:egg":3,"minecraft:raw_iron":2,"minecraft:stick":22,"minecraft:torch":13,"minecraft:dried_kelp":10,"minecraft:diorite":13,"regions_unexplored:raw_redstone_block":1,"minecraft:redstone":8,"hexerei:witch_hazel_fence":1,"hexerei:candelabra":1,"minecraft:stone_sword":1,"regions_unexplored:redstone_bulb":1,"minecraft:stone_shovel":1,"regions_unexplored:felicia_daisy":1,"hexerei:herb_drying_rack":1,"regions_unexplored:golden_larch_sapling":31,"minecraft:rail":2,"minecraft:cobblestone":177,"regions_unexplored:peat_dirt":29,"minecraft:feather":1,"minecraft:cooked_beef":1,"minecraft:andesite":31,"minecraft:black_bed":3,"minecraft:leather":14,"minecraft:filled_map":4,"minecraft:gunpowder":3,"minecraft:paper":1,"minecraft:dirt":24,"minecraft:bone":3,"minecraft:kelp":21,"minecraft:stone_bricks":1,"boh:kindness_flower":14,"minecraft:wheat_seeds":1,"minecraft:cooked_chicken":1,"minecraft:stone_pickaxe":1,"minecraft:grindstone":2,"minecraft:cobweb":6,"regions_unexplored:larch_sapling":2,"minecraft:mossy_stone_bricks":1,"hexerei:animal_fat":1,"minecraft:pumpkin":16,"regions_unexplored:larch_door":9,"minecraft:spruce_sapling":1,"regions_unexplored:cattail":9,"immersiveengineering:seed":4,"minecraft:granite":25,"minecraft:baked_potato":4,"minecraft:jack_o_lantern":3,"minecraft:coal":7,"immersiveengineering:raw_silver":1},"minecraft:crafted":{"immersiveengineering:manual":1,"regions_unexplored:larch_planks":68,"minecraft:lever":1,"minecraft:stone_pickaxe":4,"minecraft:chest":9,"quark:spruce_chest":1,"minecraft:map":2,"minecraft:spruce_planks":8,"hexerei:herb_drying_rack":1,"minecraft:pumpkin_seeds":8,"minecraft:stone_axe":1,"minecraft:cartography_table":1,"minecraft:book":1,"minecraft:paper":9,"minecraft:stick":36,"minecraft:stone_sword":3,"regions_unexplored:larch_slab":6},"minecraft:killed":{"minecraft:spider":1,"minecraft:skeleton":1,"minecraft:creeper":1,"boh:jeff_the_killer":1}},"DataVersion":3120}