{"stats":{"minecraft:broken":{"minecraft:stone_sword":1,"minecraft:stone_pickaxe":4},"minecraft:mined":{"regions_unexplored:golden_larch_leaves":1,"minecraft:spruce_planks":3,"regions_unexplored:cattail":32,"minecraft:granite":7,"regions_unexplored:purple_coneflower":1,"regions_unexplored:raw_redstone_block":1,"minecraft:large_fern":2,"minecraft:tall_seagrass":1,"minecraft:iron_ore":1,"minecraft:cobbled_deepslate":1,"minecraft:andesite":9,"treechop:chopped_log":2,"minecraft:deepslate_lapis_ore":3,"minecraft:cobblestone_slab":1,"minecraft:vine":5,"minecraft:rail":2,"minecraft:spruce_pressure_plate":1,"regions_unexplored:medium_grass":5,"minecraft:stone":429,"immersiveengineering:ore_aluminum":1,"regions_unexplored:redstone_bulb":2,"minecraft:kelp_plant":3,"boh:kindness_flower":5,"minecraft:crafting_table":1,"regions_unexplored:peat_grass_block":29,"minecraft:tall_grass":4,"minecraft:copper_ore":18,"minecraft:cobblestone":18,"minecraft:lapis_ore":2,"minecraft:grindstone":1,"minecraft:sugar_cane":1,"minecraft:diorite":24,"minecraft:wall_torch":10,"minecraft:purple_bed":1,"minecraft:coarse_dirt":1,"minecraft:powered_rail":1,"butchersdelight:deadcowblock":1,"regions_unexplored:redstone_bud":1,"minecraft:sweet_berry_bush":1,"minecraft:stone_brick_stairs":1,"minecraft:grass":14,"minecraft:coal_ore":9,"regions_unexplored:peat_dirt":25,"minecraft:gravel":7,"minecraft:dirt":6,"minecraft:cobweb":21,"minecraft:cracked_stone_bricks":2,"minecraft:stone_bricks":1,"minecraft:mossy_stone_bricks":1,"minecraft:deepslate":31,"minecraft:fern":1},"minecraft:custom":{"minecraft:mob_kills":15,"minecraft:interact_with_crafting_table":38,"minecraft:bell_ring":1,"minecraft:leave_game":3,"minecraft:time_since_death":2277,"minecraft:climb_one_cm":4906,"minecraft:sprint_one_cm":230970,"minecraft:walk_one_cm":645406,"minecraft:drop":22,"minecraft:play_time":104809,"minecraft:deaths":4,"minecraft:sneak_time":239,"minecraft:walk_under_water_one_cm":10826,"minecraft:jump":1135,"minecraft:walk_on_water_one_cm":23629,"minecraft:total_world_time":104809,"minecraft:interact_with_furnace":9,"minecraft:interact_with_grindstone":1,"minecraft:time_since_rest":2301,"minecraft:damage_taken":1217,"minecraft:damage_dealt":2661,"minecraft:swim_one_cm":15164,"minecraft:fly_one_cm":50012,"minecraft:open_chest":24,"minecraft:crouch_one_cm":1153,"minecraft:fall_one_cm":11912},"minecraft:crafted":{"minecraft:cobblestone_slab":60,"minecraft:stone_shovel":1,"minecraft:furnace":3,"regions_unexplored:larch_planks":68,"minecraft:lever":1,"minecraft:spruce_pressure_plate":1,"butchersdelight:roaster":1,"minecraft:stone_pickaxe":7,"minecraft:chest":2,"minecraft:crafting_table":7,"minecraft:spruce_planks":8,"minecraft:wooden_pickaxe":1,"minecraft:cooked_salmon":1,"minecraft:campfire":1,"minecraft:stone_axe":1,"minecraft:air":0,"minecraft:charcoal":2,"minecraft:stick":28,"minecraft:stone_sword":3,"minecraft:torch":32},"minecraft:dropped":{"minecraft:bread":1,"minecraft:cooked_beef":2,"minecraft:feather":2,"minecraft:torch":10,"regions_unexplored:redstone_bulb":1,"minecraft:stone_sword":1,"minecraft:raw_copper":27,"butchersdelight:cleaver":1,"minecraft:stone_pickaxe":3},"minecraft:used":{"minecraft:stone_sword":221,"minecraft:stone_shovel":41,"minecraft:redstone":1,"minecraft:chest":2,"minecraft:cooked_salmon":1,"minecraft:torch":41,"minecraft:granite":1,"minecraft:spruce_fence":1,"minecraft:lantern":1,"minecraft:furnace":4,"minecraft:cooked_beef":2,"minecraft:cobbled_deepslate":3,"minecraft:mossy_stone_bricks":1,"minecraft:diorite":1,"minecraft:powered_rail":1,"minecraft:stone_pickaxe":538,"regions_unexplored:peat_dirt":21,"minecraft:wooden_pickaxe":43,"minecraft:cobblestone_slab":23,"minecraft:salmon":1,"minecraft:crafting_table":8,"minecraft:campfire":1,"minecraft:lever":1,"minecraft:bread":4,"minecraft:tnt_minecart":1,"minecraft:spruce_pressure_plate":2,"butchersdelight:roaster":1,"minecraft:stone_axe":28,"minecraft:cobblestone":147,"minecraft:purple_bed":1,"minecraft:grindstone":1,"minecraft:andesite":3},"minecraft:picked_up":{"minecraft:crafting_table":1,"minecraft:coarse_dirt":1,"minecraft:wooden_pickaxe":1,"minecraft:stone_brick_stairs":1,"minecraft:string":19,"minecraft:raw_copper":46,"butchersdelight:cleaver":1,"butchersdelight:dead_cow":1,"minecraft:cracked_stone_bricks":4,"immersiveengineering:raw_lead":1,"minecraft:tnt_minecart":1,"minecraft:cobbled_deepslate":30,"minecraft:spruce_planks":4,"minecraft:cobblestone_slab":1,"regions_unexplored:larch_log":73,"minecraft:sugar_cane":1,"minecraft:furnace":1,"minecraft:spruce_pressure_plate":1,"minecraft:stick":20,"minecraft:raw_iron":1,"minecraft:torch":12,"minecraft:spruce_fence":1,"minecraft:diorite":25,"minecraft:redstone":5,"regions_unexplored:purple_coneflower":5,"hexerei:sage_seed":2,"regions_unexplored:redstone_bulb":3,"minecraft:rotten_flesh":1,"minecraft:stone_sword":2,"minecraft:arrow":2,"minecraft:peony":1,"regions_unexplored:golden_larch_sapling":19,"minecraft:rail":6,"minecraft:cobblestone":537,"regions_unexplored:peat_dirt":52,"minecraft:feather":2,"minecraft:cooked_beef":4,"minecraft:andesite":11,"minecraft:salmon":2,"butchersdelight:deadpig":2,"minecraft:gunpowder":4,"minecraft:cobblestone_wall":1,"minecraft:lapis_lazuli":30,"minecraft:dirt":6,"minecraft:lantern":1,"butchersdelight:deadchiken":1,"minecraft:bone":4,"boh:kindness_flower":3,"minecraft:kelp":4,"minecraft:wheat_seeds":2,"minecraft:stone_pickaxe":3,"minecraft:grindstone":1,"minecraft:cobweb":2,"regions_unexplored:larch_sapling":2,"regions_unexplored:larch_shrub":1,"minecraft:mossy_stone_bricks":1,"minecraft:powered_rail":1,"hexerei:animal_fat":1,"minecraft:gravel":8,"immersiveengineering:raw_aluminum":1,"undead_unleashed:grave_metal_scrap":3,"minecraft:spruce_log":2,"regions_unexplored:cattail":19,"minecraft:purple_bed":1,"immersiveengineering:seed":3,"minecraft:granite":8,"minecraft:bread":5,"minecraft:coal":22},"minecraft:killed_by":{"minecraft:skeleton":1,"cave_dweller:cave_dweller":1},"minecraft:killed":{"fear_the_dark:fever_dream":1,"minecraft:spider":1,"minecraft:skeleton":1,"minecraft:silverfish":2,"minecraft:pig":1,"minecraft:salmon":2,"minecraft:creeper":1,"difficult_spawners:evil_spirit":1,"minecraft:zombie":3}},"DataVersion":3120}