{"stats":{"minecraft:crafted":{"minecraft:wooden_shovel":4,"minecraft:oak_planks":1268,"minecraft:crafting_table":2,"minecraft:wooden_pickaxe":2,"minecraft:oak_wood":3,"minecraft:wooden_hoe":2,"minecraft:stick":16,"minecraft:stone_pickaxe":2,"minecraft:wooden_axe":6,"minecraft:stone_sword":2,"minecraft:torch":4},"minecraft:killed_by":{"minecraft:skeleton":4,"minecraft:creeper":2,"minecraft:spider":2,"undead_unleashed:shadewraith":2,"graveyard:skeleton_creeper":1,"spore:inf_pillager":1},"minecraft:used":{"minecraft:stone_sword":148,"minecraft:stone_pickaxe":194,"minecraft:baked_potato":5,"minecraft:oak_planks":1247,"minecraft:wooden_pickaxe":54,"minecraft:wooden_shovel":255,"minecraft:torch":4,"butchersdelightfoods:cookedbeefribs":1,"minecraft:dirt":151,"minecraft:crafting_table":3,"minecraft:black_bed":2,"regions_unexplored:oak_shrub":1,"minecraft:wooden_axe":310,"minecraft:apple":17,"born_in_chaos_v1:monster_flesh":1,"regions_unexplored:purple_coneflower":4,"regions_unexplored:maple_sapling":4,"minecraft:stone_axe":92,"minecraft:cobblestone":3,"minecraft:oak_sapling":144},"minecraft:picked_up":{"minecraft:wooden_axe":1,"minecraft:birch_log":22,"minecraft:crafting_table":1,"minecraft:ladder":1,"born_in_chaos_v1:monster_flesh":2,"minecraft:black_bed":1,"minecraft:oak_log":320,"minecraft:polished_deepslate":1,"minecraft:dirt":314,"minecraft:string":25,"minecraft:moss_carpet":2,"born_in_chaos_v1:monster_skin":1,"minecraft:bone":1,"butchersdelightfoods:cookedbeefribs":4,"minecraft:apple":19,"boh:kindness_flower":1,"minecraft:wheat_seeds":15,"ftbquests:book":1,"minecraft:spruce_planks":4,"minecraft:stone_pickaxe":1,"minecraft:birch_sapling":5,"minecraft:oak_planks":73,"minecraft:spruce_trapdoor":4,"minecraft:stick":134,"regions_unexplored:oak_shrub":3,"undead_unleashed:chiseled_shaded_bricks":3,"minecraft:spruce_door":2,"minecraft:mossy_cobblestone":12,"regions_unexplored:purple_coneflower":95,"hexerei:sage_seed":7,"minecraft:arrow":1,"minecraft:rotten_flesh":5,"immersiveengineering:seed":7,"regions_unexplored:maple_sapling":8,"minecraft:stone_axe":1,"regions_unexplored:maple_log":28,"minecraft:baked_potato":7,"minecraft:oak_sapling":154,"minecraft:coal":7,"minecraft:cobblestone":170},"minecraft:killed":{"minecraft:spider":3,"minecraft:zombie":2},"minecraft:broken":{"minecraft:wooden_shovel":4,"minecraft:stone_axe":1,"minecraft:wooden_axe":5},"minecraft:dropped":{"boh:kindness_flower":1,"minecraft:wheat_seeds":12,"hexerei:sage_seed":2,"minecraft:mossy_cobblestone":6,"undead_unleashed:chiseled_shaded_bricks":3,"minecraft:cobblestone":2,"minecraft:rotten_flesh":5,"minecraft:oak_planks":10,"regions_unexplored:maple_sapling":3,"regions_unexplored:oak_shrub":2,"minecraft:spruce_door":2,"minecraft:wooden_axe":1,"minecraft:oak_sapling":10,"minecraft:ladder":1,"minecraft:arrow":1,"regions_unexplored:maple_log":7,"minecraft:wooden_pickaxe":1,"minecraft:stone_pickaxe":1,"immersiveengineering:seed":7,"ftbquests:book":1},"minecraft:mined":{"minecraft:spruce_planks":1,"undead_unleashed:shaded_bricks":1,"undead_unleashed:chiseled_shaded_bricks":1,"regions_unexplored:maple_log":5,"undead_unleashed:ancient_dirt":14,"boh:kindness_flower":1,"minecraft:crafting_table":1,"minecraft:spruce_trapdoor":8,"minecraft:ladder":2,"undead_unleashed:mossy_shaded_bricks":1,"minecraft:grass_block":204,"minecraft:tall_grass":3,"regions_unexplored:maple_leaves":14,"regions_unexplored:purple_coneflower":26,"minecraft:oak_planks":74,"deep_dark_regrowth:sculk_moss":3,"deep_dark_regrowth:sculk_moss_4":4,"minecraft:sweet_berry_bush":6,"regions_unexplored:mossy_stone":9,"minecraft:birch_leaves":15,"treechop:chopped_log":38,"minecraft:black_bed":1,"minecraft:polished_deepslate":1,"minecraft:grass":36,"regions_unexplored:oak_shrub":2,"minecraft:oak_log":3,"minecraft:coal_ore":7,"minecraft:dirt":73,"minecraft:cobweb":30,"regions_unexplored:medium_grass":52,"undead_unleashed:cracked_shaded_bricks":1,"minecraft:stone":161,"minecraft:oak_leaves":4,"minecraft:fern":1},"minecraft:custom":{"minecraft:interact_with_furnace":2,"minecraft:mob_kills":6,"minecraft:interact_with_crafting_table":19,"minecraft:leave_game":3,"minecraft:time_since_death":0,"minecraft:climb_one_cm":1576,"minecraft:time_since_rest":391,"minecraft:sprint_one_cm":190928,"minecraft:damage_taken":4409,"minecraft:walk_one_cm":651947,"minecraft:drop":37,"minecraft:damage_dealt":1383,"minecraft:swim_one_cm":349,"minecraft:fly_one_cm":168086,"minecraft:crouch_one_cm":10035,"minecraft:play_time":187169,"minecraft:deaths":13,"minecraft:sneak_time":2727,"minecraft:walk_under_water_one_cm":3260,"minecraft:jump":1860,"minecraft:walk_on_water_one_cm":909,"minecraft:total_world_time":187169,"minecraft:fall_one_cm":40216}},"DataVersion":3120}