{
  "betterdungeons:root": {
    "criteria": {
      "always": "2024-06-09 18:42:03 -0600"
    },
    "done": true
  },
  "ancient_manuscripts:items/acacia_binding_table": {
    "criteria": {
      "has_recipe": "2024-06-09 18:42:03 -0600"
    },
    "done": true
  },
  "dnl:entity/guardian_ghast/hurt": {
    "criteria": {
      "not_projectile": "2024-06-09 18:58:08 -0600"
    },
    "done": false
  },
  "minecraft:recipes/woodcutting/birch/birch_stairs_from_birch_planks_woodcutting": {
    "criteria": {
      "give_recipe": "2024-06-09 18:45:21 -0600"
    },
    "done": true
  },
  "minecraft:recipes/woodcutting/birch/birch_door_from_birch_planks_woodcutting": {
    "criteria": {
      "give_recipe": "2024-06-09 18:45:21 -0600"
    },
    "done": true
  },
  "minecraft:adventure/kill_a_mob": {
    "criteria": {
      "minecraft:creeper": "2024-06-09 19:52:29 -0600"
    },
    "done": true
  },
  "dnl:util/entity_hit_matching/on_hurt": {
    "criteria": {
      "not_projectile": "2024-06-09 20:46:10 -0600",
      "blocked_false": "2024-06-09 20:46:10 -0600"
    },
    "done": false
  },
  "dnl:util/entity_hit_matching/on_hit": {
    "criteria": {
      "not_projectile": "2024-06-09 20:46:38 -0600",
      "not_magic": "2024-06-09 20:46:38 -0600"
    },
    "done": false
  },
  "naturescompass:natures_compass": {
    "criteria": {
      "has_recipe": "2024-06-09 18:42:02 -0600"
    },
    "done": true
  },
  "minecraft:story/obtain_armor": {
    "criteria": {
      "iron_chestplate": "2024-06-09 19:00:21 -0600"
    },
    "done": true
  },
  "minecraft:recipes/woodcutting/birch/birch_planks_from_birch_log_woodcutting": {
    "criteria": {
      "give_recipe": "2024-06-09 18:45:17 -0600"
    },
    "done": true
  },
  "regions_unexplored:parent": {
    "criteria": {
      "load_in_world": "2024-06-09 18:42:03 -0600"
    },
    "done": true
  },
  "minecraft:story/mine_stone": {
    "criteria": {
      "get_stone": "2024-06-09 18:49:11 -0600"
    },
    "done": true
  },
  "minecraft:recipes/woodcutting/birch/birch_slab_from_birch_planks_woodcutting": {
    "criteria": {
      "give_recipe": "2024-06-09 18:45:21 -0600"
    },
    "done": true
  },
  "minecraft:recipes/woodcutting/birch/birch_trapdoor_from_birch_planks_woodcutting": {
    "criteria": {
      "give_recipe": "2024-06-09 18:45:21 -0600"
    },
    "done": true
  },
  "minecraft:recipes/woodcutting/birch/birch_pressure_plate_from_birch_planks_woodcutting": {
    "criteria": {
      "give_recipe": "2024-06-09 18:45:21 -0600"
    },
    "done": true
  },
  "undead_unleashed:shards_of_the_past": {
    "criteria": {
      "shards_of_the_past": "2024-06-09 19:53:03 -0600"
    },
    "done": true
  },
  "minecraft:adventure/adventuring_time": {
    "criteria": {
      "minecraft:old_growth_pine_taiga": "2024-06-09 20:04:50 -0600"
    },
    "done": false
  },
  "undead_unleashed:undead_unleashed": {
    "criteria": {
      "undead_unleashed": "2024-06-09 18:42:02 -0600"
    },
    "done": true
  },
  "aquamirae:adventure/root": {
    "criteria": {
      "crafting_table": "2024-06-09 18:45:41 -0600"
    },
    "done": true
  },
  "minecraft:husbandry/root": {
    "criteria": {
      "consumed_item": "2024-06-09 19:19:15 -0600"
    },
    "done": true
  },
  "minecraft:recipes/woodcutting/birch/birch_chest_boat_from_birch_planks_woodcutting": {
    "criteria": {
      "give_recipe": "2024-06-09 18:45:21 -0600"
    },
    "done": true
  },
  "regions_unexplored:got_wood": {
    "criteria": {
      "larch_log": "2024-06-09 18:45:35 -0600"
    },
    "done": false
  },
  "minecraft:adventure/root": {
    "criteria": {
      "killed_by_something": "2024-06-09 19:06:28 -0600"
    },
    "done": true
  },
  "ancient_manuscripts:items/mangrove_binding_table": {
    "criteria": {
      "has_recipe": "2024-06-09 18:42:03 -0600"
    },
    "done": true
  },
  "ancient_manuscripts:items/crimson_binding_table": {
    "criteria": {
      "has_recipe": "2024-06-09 18:42:03 -0600"
    },
    "done": true
  },
  "minecraft:recipes/woodcutting/birch/birch_button_from_birch_planks_woodcutting": {
    "criteria": {
      "give_recipe": "2024-06-09 18:45:21 -0600"
    },
    "done": true
  },
  "regions_unexplored:spelunker": {
    "criteria": {
      "redstone_caves": "2024-06-09 20:25:17 -0600"
    },
    "done": false
  },
  "ancient_manuscripts:items/jungle_binding_table": {
    "criteria": {
      "has_recipe": "2024-06-09 18:42:02 -0600"
    },
    "done": true
  },
  "ancient_manuscripts:items/spruce_binding_table": {
    "criteria": {
      "has_recipe": "2024-06-09 18:42:02 -0600"
    },
    "done": true
  },
  "cataclysm:root": {
    "criteria": {
      "custom_test_name": "2024-06-09 18:42:03 -0600"
    },
    "done": true
  },
  "minecraft:adventure/kill_all_mobs": {
    "criteria": {
      "minecraft:skeleton": "2024-06-09 19:52:54 -0600",
      "minecraft:creeper": "2024-06-09 19:52:29 -0600",
      "minecraft:cave_spider": "2024-06-09 20:23:02 -0600",
      "minecraft:zombie": "2024-06-09 19:52:37 -0600"
    },
    "done": false
  },
  "minecraft:recipes/woodcutting/birch/birch_fence_from_birch_planks_woodcutting": {
    "criteria": {
      "give_recipe": "2024-06-09 18:45:21 -0600"
    },
    "done": true
  },
  "minecraft:husbandry/balanced_diet": {
    "criteria": {
      "cooked_beef": "2024-06-09 19:19:15 -0600",
      "bread": "2024-06-09 20:03:26 -0600",
      "dried_kelp": "2024-06-09 19:27:56 -0600",
      "cooked_chicken": "2024-06-09 20:09:03 -0600"
    },
    "done": false
  },
  "regions_unexplored:regions_explored": {
    "criteria": {
      "pine_taiga": "2024-06-09 20:19:08 -0600",
      "muddy_river": "2024-06-09 19:24:30 -0600",
      "redstone_caves": "2024-06-09 20:25:17 -0600",
      "maple_forest": "2024-06-09 18:59:11 -0600",
      "boreal_forest": "2024-06-09 18:42:03 -0600",
      "temperate_grove": "2024-06-09 19:01:33 -0600",
      "golden_boreal_taiga": "2024-06-09 20:04:47 -0600"
    },
    "done": false
  },
  "endofherobrine:story/root": {
    "criteria": {
      "requirement": "2024-06-09 18:42:03 -0600"
    },
    "done": true
  },
  "minecraft:recipes/woodcutting/birch/birch_fence_gate_from_birch_planks_woodcutting": {
    "criteria": {
      "give_recipe": "2024-06-09 18:45:21 -0600"
    },
    "done": true
  },
  "minecraft:recipes/woodcutting/birch/barrel_from_birch_planks_woodcutting": {
    "criteria": {
      "give_recipe": "2024-06-09 18:45:21 -0600"
    },
    "done": true
  },
  "biomancy:biomancy/root": {
    "criteria": {
      "has_raw_meats": "2024-06-09 20:07:39 -0600"
    },
    "done": true
  },
  "minecraft:recipes/woodcutting/birch/chest_from_birch_planks_woodcutting": {
    "criteria": {
      "give_recipe": "2024-06-09 18:45:21 -0600"
    },
    "done": true
  },
  "betterdeserttemples:root": {
    "criteria": {
      "always": "2024-06-09 18:42:03 -0600"
    },
    "done": true
  },
  "minecraft:story/iron_tools": {
    "criteria": {
      "iron_pickaxe": "2024-06-09 19:04:03 -0600"
    },
    "done": true
  },
  "naturescompass:natures_compass_log": {
    "criteria": {
      "has_recipe": "2024-06-09 18:42:02 -0600"
    },
    "done": true
  },
  "ancient_manuscripts:items/warped_binding_table": {
    "criteria": {
      "has_recipe": "2024-06-09 18:42:03 -0600"
    },
    "done": true
  },
  "naturescompass:natures_compass_sapling": {
    "criteria": {
      "has_recipe": "2024-06-09 18:42:02 -0600"
    },
    "done": true
  },
  "minecraft:story/upgrade_tools": {
    "criteria": {
      "stone_pickaxe": "2024-06-09 18:50:49 -0600"
    },
    "done": true
  },
  "ancient_manuscripts:items/dark_oak_binding_table": {
    "criteria": {
      "has_recipe": "2024-06-09 18:42:02 -0600"
    },
    "done": true
  },
  "minecraft:recipes/woodcutting/birch/birch_sign_from_birch_planks_woodcutting": {
    "criteria": {
      "give_recipe": "2024-06-09 18:45:21 -0600"
    },
    "done": true
  },
  "ancient_manuscripts:items/oak_binding_table": {
    "criteria": {
      "has_recipe": "2024-06-09 18:42:03 -0600"
    },
    "done": true
  },
  "minecraft:story/root": {
    "criteria": {
      "crafting_table": "2024-06-09 18:45:41 -0600"
    },
    "done": true
  },
  "regions_unexplored:pioneer": {
    "criteria": {
      "pine_taiga": "2024-06-09 20:19:08 -0600",
      "muddy_river": "2024-06-09 19:24:30 -0600",
      "maple_forest": "2024-06-09 18:59:11 -0600",
      "boreal_forest": "2024-06-09 18:42:03 -0600",
      "temperate_grove": "2024-06-09 19:01:33 -0600",
      "golden_boreal_taiga": "2024-06-09 20:04:47 -0600"
    },
    "done": false
  },
  "ancient_manuscripts:items/birch_binding_table": {
    "criteria": {
      "has_recipe": "2024-06-09 18:42:02 -0600"
    },
    "done": true
  },
  "minecraft:story/smelt_iron": {
    "criteria": {
      "iron": "2024-06-09 18:59:26 -0600"
    },
    "done": true
  },
  "minecraft:recipes/woodcutting/birch/birch_boat_from_birch_planks_woodcutting": {
    "criteria": {
      "give_recipe": "2024-06-09 18:45:21 -0600"
    },
    "done": true
  },
  "ancient_manuscripts:items/enchanted_book_glue": {
    "criteria": {
      "has_recipe": "2024-06-09 18:42:03 -0600"
    },
    "done": true
  },
  "ancient_manuscripts:items/empty_glue_bottle": {
    "criteria": {
      "has_recipe": "2024-06-09 18:42:02 -0600"
    },
    "done": true
  },
  "minecraft:recipes/woodcutting/birch/crafting_table_from_birch_planks_woodcutting": {
    "criteria": {
      "give_recipe": "2024-06-09 18:45:21 -0600"
    },
    "done": true
  },
  "repurposed_structures:root": {
    "criteria": {
      "always": "2024-06-09 18:42:03 -0600"
    },
    "done": true
  },
  "DataVersion": 3120
}