{
  "betterdungeons:root": {
    "criteria": {
      "always": "2024-06-11 05:41:40 +0000"
    },
    "done": true
  },
  "ancient_manuscripts:items/acacia_binding_table": {
    "criteria": {
      "has_recipe": "2024-06-11 05:41:40 +0000"
    },
    "done": true
  },
  "ancient_manuscripts:items/jungle_binding_table": {
    "criteria": {
      "has_recipe": "2024-06-11 05:41:40 +0000"
    },
    "done": true
  },
  "ancient_manuscripts:items/spruce_binding_table": {
    "criteria": {
      "has_recipe": "2024-06-11 05:41:40 +0000"
    },
    "done": true
  },
  "cataclysm:root": {
    "criteria": {
      "custom_test_name": "2024-06-11 05:41:40 +0000"
    },
    "done": true
  },
  "dnl:util/entity_hit_matching/on_hurt": {
    "criteria": {
      "not_projectile": "2024-06-11 05:44:48 +0000",
      "blocked_false": "2024-06-11 05:44:48 +0000"
    },
    "done": false
  },
  "naturescompass:natures_compass": {
    "criteria": {
      "has_recipe": "2024-06-11 05:41:40 +0000"
    },
    "done": true
  },
  "dungeons_enhanced:root": {
    "criteria": {
      "entered_large_dungeon": "2024-06-11 05:58:41 +0000"
    },
    "done": true
  },
  "minecraft:husbandry/balanced_diet": {
    "criteria": {
      "apple": "2024-06-11 05:56:20 +0000",
      "salmon": "2024-06-11 06:00:19 +0000"
    },
    "done": false
  },
  "regions_unexplored:parent": {
    "criteria": {
      "load_in_world": "2024-06-11 05:41:41 +0000"
    },
    "done": true
  },
  "regions_unexplored:regions_explored": {
    "criteria": {
      "shrubland": "2024-06-11 05:55:06 +0000",
      "autumnal_maple_forest": "2024-06-11 05:55:07 +0000",
      "muddy_river": "2024-06-11 05:46:35 +0000",
      "maple_forest": "2024-06-11 05:48:05 +0000",
      "boreal_forest": "2024-06-11 05:41:41 +0000",
      "temperate_grove": "2024-06-11 05:55:00 +0000",
      "pumpkin_fields": "2024-06-11 05:55:40 +0000",
      "gravel_beach": "2024-06-11 05:55:53 +0000"
    },
    "done": false
  },
  "endofherobrine:story/root": {
    "criteria": {
      "requirement": "2024-06-11 05:41:40 +0000"
    },
    "done": true
  },
  "minecraft:adventure/adventuring_time": {
    "criteria": {
      "minecraft:plains": "2024-06-11 05:56:14 +0000"
    },
    "done": false
  },
  "biomancy:biomancy/root": {
    "criteria": {
      "has_raw_meats": "2024-06-11 05:46:33 +0000"
    },
    "done": true
  },
  "undead_unleashed:undead_unleashed": {
    "criteria": {
      "undead_unleashed": "2024-06-11 05:41:39 +0000"
    },
    "done": true
  },
  "betterdeserttemples:root": {
    "criteria": {
      "always": "2024-06-11 05:41:40 +0000"
    },
    "done": true
  },
  "aquamirae:adventure/root": {
    "criteria": {
      "crafting_table": "2024-06-11 05:50:09 +0000"
    },
    "done": true
  },
  "minecraft:husbandry/root": {
    "criteria": {
      "consumed_item": "2024-06-11 05:56:20 +0000"
    },
    "done": true
  },
  "naturescompass:natures_compass_log": {
    "criteria": {
      "has_recipe": "2024-06-11 05:41:40 +0000"
    },
    "done": true
  },
  "ancient_manuscripts:items/warped_binding_table": {
    "criteria": {
      "has_recipe": "2024-06-11 05:41:40 +0000"
    },
    "done": true
  },
  "naturescompass:natures_compass_sapling": {
    "criteria": {
      "has_recipe": "2024-06-11 05:41:40 +0000"
    },
    "done": true
  },
  "ancient_manuscripts:items/dark_oak_binding_table": {
    "criteria": {
      "has_recipe": "2024-06-11 05:41:40 +0000"
    },
    "done": true
  },
  "regions_unexplored:got_wood": {
    "criteria": {
      "maple_log": "2024-06-11 05:49:44 +0000"
    },
    "done": false
  },
  "ancient_manuscripts:items/oak_binding_table": {
    "criteria": {
      "has_recipe": "2024-06-11 05:41:40 +0000"
    },
    "done": true
  },
  "minecraft:story/root": {
    "criteria": {
      "crafting_table": "2024-06-11 05:50:09 +0000"
    },
    "done": true
  },
  "regions_unexplored:pioneer": {
    "criteria": {
      "shrubland": "2024-06-11 05:55:06 +0000",
      "autumnal_maple_forest": "2024-06-11 05:55:07 +0000",
      "muddy_river": "2024-06-11 05:46:35 +0000",
      "maple_forest": "2024-06-11 05:48:05 +0000",
      "boreal_forest": "2024-06-11 05:41:41 +0000",
      "temperate_grove": "2024-06-11 05:55:00 +0000",
      "pumpkin_fields": "2024-06-11 05:55:40 +0000",
      "gravel_beach": "2024-06-11 05:55:53 +0000"
    },
    "done": false
  },
  "dungeons_enhanced:thats_a_dungeon": {
    "criteria": {
      "entered_large_dungeon": "2024-06-11 05:58:41 +0000"
    },
    "done": true
  },
  "ancient_manuscripts:items/birch_binding_table": {
    "criteria": {
      "has_recipe": "2024-06-11 05:41:40 +0000"
    },
    "done": true
  },
  "ancient_manuscripts:items/enchanted_book_glue": {
    "criteria": {
      "has_recipe": "2024-06-11 05:41:40 +0000"
    },
    "done": true
  },
  "ancient_manuscripts:items/empty_glue_bottle": {
    "criteria": {
      "has_recipe": "2024-06-11 05:41:40 +0000"
    },
    "done": true
  },
  "dungeons_enhanced:ambitious_explorer": {
    "criteria": {
      "entered_large_dungeon": "2024-06-11 05:58:41 +0000"
    },
    "done": false
  },
  "ancient_manuscripts:items/mangrove_binding_table": {
    "criteria": {
      "has_recipe": "2024-06-11 05:41:40 +0000"
    },
    "done": true
  },
  "ancient_manuscripts:items/crimson_binding_table": {
    "criteria": {
      "has_recipe": "2024-06-11 05:41:40 +0000"
    },
    "done": true
  },
  "repurposed_structures:root": {
    "criteria": {
      "always": "2024-06-11 05:41:40 +0000"
    },
    "done": true
  },
  "DataVersion": 3120
}